DateTime,VAV-4-07 (221) AIR VOLUME 3,VAV-4-07 (217) AIR VOL SP 3,VAV-4-07 (016) CLG STPT EFF,VAV-4-07 (025) H_C STATE,VAV-4-07 (028) HTG STPT EFF,VAV-4-07 (028) HTG V POS 4,VAV-4-07 (039) ROOM TEMP 4,VAV-4-07 (113) SPLY TEMP 7
2021-08-20 00:00:00,71.01,2.0,67.01,22.38,66.92,63.37,75.0,73.66
2021-08-20 00:15:00,71.01,2.0,67.01,15.91,67.03,63.91,75.0,73.66
2021-08-20 00:30:00,71.01,2.0,67.01,11.66,66.99,64.81,75.0,73.66
2021-08-20 00:45:00,71.01,2.0,67.01,9.0,66.99,65.97,75.0,73.66
2021-08-20 01:00:00,71.01,2.0,67.01,23.44,66.96,63.19,75.0,73.66
2021-08-20 01:15:00,71.01,2.0,67.01,16.86,67.06,63.66,75.0,73.66
2021-08-20 01:30:00,71.01,2.0,67.01,2.91,67.1,65.25,75.0,73.66
2021-08-20 01:45:00,71.01,2.0,67.01,12.49,66.99,63.52,75.0,73.66
2021-08-20 01:53:38,1.0,1.0,1.0,1.0,1.0,1.0,1.0,1.0
2021-08-20 02:00:01,35.505,1.0,33.505,1.585,33.425,36.36,37.5,36.83
2021-08-20 02:15:00,71.01,2.0,67.01,0.0,67.14,64.49,75.0,73.66
2021-08-20 02:30:00,71.01,2.0,67.01,2.2,66.99,64.09,75.0,73.66
2021-08-20 02:45:00,71.01,2.0,67.01,14.99,66.99,63.91,75.0,73.66
2021-08-20 03:00:00,71.01,2.0,67.01,6.81,67.1,66.51,75.0,73.66
2021-08-20 03:15:00,71.01,2.0,67.01,8.95,67.1,64.09,75.0,73.66
2021-08-20 03:30:00,71.01,2.0,67.01,13.29,66.92,63.81,75.0,73.66
2021-08-20 03:45:00,71.01,2.0,67.01,0.0,67.03,67.55,75.0,73.66
2021-08-20 04:00:00,71.01,2.0,67.01,0.0,67.17,64.2,75.0,73.66
2021-08-20 04:15:00,71.01,2.0,67.01,0.0,67.03,63.81,75.0,73.66
2021-08-20 04:30:00,71.01,2.0,67.01,0.0,66.99,63.81,75.0,73.66
2021-08-20 04:45:00,71.01,2.0,67.01,0.876,67.03,64.09,75.0,73.66
2021-08-20 05:00:00,71.01,2.0,67.01,2.15,67.03,63.91,75.0,73.66
2021-08-20 05:15:00,71.01,2.0,67.01,3.49,67.03,64.09,75.0,73.66
2021-08-20 05:30:00,71.01,2.0,67.01,3.49,66.99,63.91,75.0,73.66
2021-08-20 05:45:00,71.01,2.0,67.01,5.99,66.92,63.81,75.0,73.66
2021-08-20 06:00:00,71.01,2.0,67.01,18.47,66.99,63.72,75.0,73.66
2021-08-20 06:15:00,71.01,2.0,67.01,22.64,67.03,64.38,75.0,73.66
2021-08-20 06:30:00,71.01,2.0,67.01,0.0901,67.21,64.96,75.0,73.66
2021-08-20 06:45:00,71.01,2.0,67.01,0.0,67.1,64.49,75.0,73.66
2021-08-20 07:00:00,71.01,2.0,67.01,0.0,67.17,64.78,75.0,73.66
2021-08-20 07:15:00,71.01,2.0,67.01,0.0,67.1,64.49,75.0,73.66
2021-08-20 07:30:00,71.01,2.0,67.01,0.0,67.14,64.38,75.0,73.66
2021-08-20 07:45:00,71.01,1.0,67.01,0.0,67.5,64.49,75.0,73.66
2021-08-20 08:00:00,71.01,1.0,67.01,0.0,67.46,65.07,75.0,73.66
2021-08-20 08:15:00,71.01,1.0,67.01,0.0,67.64,65.53,75.0,76.59
2021-08-20 08:30:00,71.01,1.0,67.01,0.0,67.64,65.82,75.0,76.59
2021-08-20 08:45:00,71.01,1.0,67.01,0.0,68.0,66.22,75.0,76.59
2021-08-20 09:00:00,71.01,1.0,67.01,0.0,68.22,66.31,75.0,76.59
2021-08-20 09:15:00,71.01,1.0,67.01,0.0,68.32,66.51,75.0,76.59
2021-08-20 09:30:00,71.01,1.0,67.01,0.0,68.36,66.51,75.0,76.59
2021-08-20 09:45:00,71.01,1.0,67.01,0.0,68.18,67.37,75.0,76.59
2021-08-20 10:00:00,71.01,1.0,67.01,0.0,68.18,67.95,75.0,76.59
2021-08-20 10:15:00,71.01,1.0,67.01,0.0,68.36,68.72,75.0,76.59
2021-08-20 10:30:00,71.01,1.0,67.01,0.0,68.36,69.19,75.0,76.59
2021-08-20 10:45:00,71.01,1.0,67.01,0.0,68.5,69.58,75.0,76.59
2021-08-20 11:00:00,71.01,1.0,67.01,0.0,68.36,69.87,75.0,76.59
2021-08-20 11:15:00,71.01,1.0,67.01,0.0,68.47,70.16,75.0,76.59
2021-08-20 11:30:00,71.01,1.0,67.01,0.0,68.43,70.45,75.0,76.59
2021-08-20 11:45:00,71.01,1.0,67.01,0.0,68.47,71.11,75.0,76.59
2021-08-20 12:00:00,71.01,1.0,67.01,0.0,68.72,71.22,75.0,76.59
2021-08-20 12:15:00,71.01,1.0,67.01,0.0,68.83,71.51,75.0,76.59
2021-08-20 12:30:00,71.01,1.0,67.01,0.0,68.94,71.4,75.0,76.59
2021-08-20 12:45:00,71.01,1.0,67.01,0.0,69.04,71.51,75.0,76.59
2021-08-20 13:00:00,71.01,1.0,67.01,0.0,69.12,71.4,75.0,76.59
2021-08-20 13:15:00,71.01,1.0,67.01,0.0,69.01,71.8,75.0,76.59
2021-08-20 13:30:00,71.01,1.0,67.01,0.0,69.08,72.28,75.0,76.59
2021-08-20 13:45:00,71.01,1.0,67.01,0.0,69.15,72.46,75.0,76.59
2021-08-20 14:00:00,71.01,1.0,67.01,0.0,69.62,72.57,75.0,76.59
2021-08-20 14:15:00,71.01,1.0,67.01,0.0,69.62,72.75,75.0,76.59
2021-08-20 14:30:00,71.01,1.0,67.01,0.0,69.51,72.46,75.0,76.59
2021-08-20 14:45:00,71.01,1.0,67.01,0.0,69.69,72.18,75.0,76.59
2021-08-20 15:00:00,71.01,1.0,67.01,0.0,69.94,71.98,75.0,76.59
2021-08-20 15:15:00,71.01,1.0,67.01,0.0,69.91,71.8,75.0,76.59
2021-08-20 15:30:00,71.01,1.0,67.01,0.0,70.05,71.69,75.0,76.59
2021-08-20 15:45:00,71.01,1.0,67.01,0.0,70.05,71.4,75.0,76.59
2021-08-20 16:00:00,71.01,1.0,67.01,0.0,69.94,71.22,75.0,76.59
2021-08-20 16:15:00,71.01,1.0,67.01,0.0,70.05,71.22,75.0,76.59
2021-08-20 16:30:00,71.01,1.0,67.01,0.0,70.09,71.31,75.0,76.59
2021-08-20 16:45:00,71.01,1.0,67.01,0.0,69.94,71.22,75.0,76.59
2021-08-20 17:00:00,71.01,1.0,67.01,0.0,70.09,71.31,75.0,76.59
2021-08-20 17:15:00,71.01,1.0,67.01,0.0,69.98,71.11,75.0,76.59
2021-08-20 17:30:00,71.01,1.0,67.01,0.0,69.98,70.93,75.0,76.59
2021-08-20 17:45:00,71.01,1.0,67.01,0.0,69.94,70.93,75.0,76.59
2021-08-20 18:00:00,71.01,1.0,67.01,0.0,69.94,70.83,75.0,76.59
2021-08-20 18:15:00,71.01,1.0,67.01,0.0,69.87,70.93,75.0,76.59
2021-08-20 18:30:00,71.01,1.0,67.01,0.0,69.91,70.93,75.0,76.59
2021-08-20 18:45:00,71.01,1.0,67.01,0.0,69.91,70.83,75.0,76.59
2021-08-20 19:00:00,71.01,1.0,67.01,0.0,69.87,70.54,75.0,76.59
2021-08-20 19:15:00,71.01,1.0,67.01,0.0,69.87,70.65,75.0,76.59
2021-08-20 19:30:00,71.01,1.0,67.01,0.0,69.84,70.05,75.0,73.87
2021-08-20 19:45:00,71.01,1.0,67.01,0.0,69.8,70.05,75.0,73.87
2021-08-20 20:00:00,71.01,1.0,67.01,0.0,69.8,69.76,75.0,73.87
2021-08-20 20:15:00,71.01,1.0,67.01,0.0,69.69,69.76,75.0,73.87
2021-08-20 20:30:00,71.01,1.0,67.01,0.0,69.69,69.76,75.0,73.87
2021-08-20 20:45:00,71.01,1.0,67.01,0.0,69.69,69.76,75.0,73.87
2021-08-20 21:00:00,71.01,1.0,67.01,0.0,69.8,69.87,75.0,73.87
2021-08-20 21:15:00,71.01,1.0,67.01,0.0,69.73,69.76,75.0,73.87
2021-08-20 21:30:00,71.01,1.0,67.01,0.0,69.76,69.48,75.0,76.78
2021-08-20 21:45:00,71.01,1.0,67.01,0.0,69.69,68.61,75.0,76.78
2021-08-20 22:00:00,71.01,1.0,67.01,0.0,69.58,67.84,75.0,76.78
2021-08-20 22:15:00,71.01,1.0,67.01,0.0,69.48,67.84,75.0,76.78
2021-08-20 22:30:00,71.01,1.0,67.01,0.0,69.4,66.97,75.0,76.78
2021-08-20 22:45:00,71.01,1.0,67.01,0.0,69.26,66.69,75.0,76.78
2021-08-20 23:00:00,71.01,1.0,67.01,0.0,69.3,65.93,75.0,76.78
2021-08-20 23:15:00,71.01,1.0,67.01,0.0,69.01,65.25,75.0,76.78
2021-08-20 23:30:00,71.01,1.0,67.01,0.0,68.9,64.96,75.0,76.78
2021-08-20 23:45:00,71.01,1.0,67.01,0.0,68.76,65.25,75.0,76.78
2021-08-21 00:00:00,71.01,1.0,67.01,0.0,68.72,65.25,75.0,76.78
2021-08-21 00:15:00,71.01,1.0,67.01,0.0,68.72,64.96,75.0,76.78
2021-08-21 00:30:00,71.01,1.0,67.01,0.0,68.54,64.49,75.0,76.78
2021-08-21 00:45:00,71.01,1.0,67.01,0.0,68.43,63.91,75.0,76.78
2021-08-21 01:00:00,71.01,1.0,67.01,0.0,68.32,63.81,75.0,76.78
2021-08-21 01:15:00,71.01,1.0,67.01,0.0,68.22,63.81,75.0,76.78
2021-08-21 01:30:00,71.01,1.0,67.01,0.0,68.11,63.52,75.0,76.78
2021-08-21 01:45:00,71.01,1.0,67.01,0.0,68.0,63.91,75.0,76.78
2021-08-21 01:57:33,0.0,0.0,0.0,0.0,0.0,0.0,0.0,0.0
2021-08-21 01:59:59,71.01,1.0,67.01,0.0,67.96,64.2,75.0,76.78
2021-08-21 02:00:01,0.0,0.0,0.0,0.0,0.0,0.0,0.0,0.0
2021-08-21 02:15:00,71.01,1.0,67.01,0.0,67.89,63.52,75.0,76.78
2021-08-21 02:30:00,71.01,1.0,67.01,0.0,67.93,62.94,75.0,76.78
2021-08-21 02:45:00,71.01,1.0,67.01,0.0,67.68,63.23,75.0,76.78
2021-08-21 03:00:00,71.01,1.0,67.01,0.0,67.57,63.34,75.0,76.78
2021-08-21 03:15:00,71.01,1.0,67.01,0.0,67.64,63.52,75.0,76.78
2021-08-21 03:30:00,71.01,1.0,67.01,0.0,67.5,63.34,75.0,76.78
2021-08-21 03:45:00,71.01,1.0,67.01,0.0,67.46,63.34,75.0,76.78
2021-08-21 04:00:00,71.01,1.0,67.01,0.0,67.35,62.65,75.0,76.78
2021-08-21 04:15:00,71.01,1.0,67.01,0.0,67.35,62.65,75.0,76.78
2021-08-21 04:30:00,71.01,1.0,67.01,0.0,67.35,62.76,75.0,76.78
2021-08-21 04:45:00,71.01,1.0,67.01,0.0,67.21,62.47,75.0,76.78
2021-08-21 05:00:00,71.01,1.0,67.01,0.0,67.17,62.47,75.0,76.78
2021-08-21 05:15:00,71.01,2.0,67.01,0.0,67.1,62.08,75.0,76.78
2021-08-21 05:30:00,71.01,2.0,67.01,0.0,66.99,62.08,75.0,76.78
2021-08-21 05:45:00,71.01,2.0,67.01,0.0,66.99,62.37,75.0,76.78
2021-08-21 06:00:00,71.01,2.0,67.01,0.0,66.92,62.19,75.0,76.78
2021-08-21 06:15:00,71.01,2.0,67.01,0.0,66.92,62.76,75.0,76.78
2021-08-21 06:30:00,71.01,2.0,67.01,0.0,66.88,63.05,75.0,76.78
2021-08-21 06:45:00,71.01,2.0,67.01,0.0,66.88,63.14,75.0,76.78
2021-08-21 07:00:00,71.01,2.0,67.01,0.0,66.99,63.23,75.0,76.78
2021-08-21 07:15:00,71.01,2.0,67.01,0.0,66.85,63.63,75.0,76.78
2021-08-21 07:30:00,71.01,2.0,67.01,0.0,66.99,63.63,75.0,76.78
2021-08-21 07:45:00,71.01,2.0,67.01,0.0,66.99,63.81,75.0,76.78
2021-08-21 08:00:00,71.01,2.0,67.01,0.0,66.99,64.49,75.0,76.78
2021-08-21 08:15:00,71.01,2.0,67.01,0.0,67.1,65.07,75.0,76.78
2021-08-21 08:30:00,71.01,2.0,67.01,0.0,67.1,65.35,75.0,76.78
2021-08-21 08:45:00,71.01,1.0,67.01,0.0,67.21,65.64,75.0,76.78
2021-08-21 09:00:00,71.01,1.0,67.01,0.0,67.24,65.93,75.0,76.78
2021-08-21 09:15:00,71.01,1.0,67.01,0.0,67.32,66.4,75.0,76.78
2021-08-21 09:30:00,71.01,1.0,67.01,0.0,67.42,66.69,75.0,76.78
2021-08-21 09:45:00,71.01,1.0,67.01,0.0,67.53,67.95,75.0,76.78
2021-08-21 10:00:00,71.01,1.0,67.01,0.0,67.64,69.87,75.0,76.78
2021-08-21 10:15:00,71.01,1.0,67.01,0.0,67.89,71.51,75.0,76.78
2021-08-21 10:30:00,71.01,1.0,67.01,0.0,68.0,72.28,75.0,76.78
2021-08-21 10:45:00,71.01,1.0,67.01,0.0,68.11,72.57,75.0,76.78
2021-08-21 11:00:00,71.01,1.0,67.01,0.0,68.22,73.04,75.0,76.78
2021-08-21 11:15:00,71.01,1.0,67.01,0.0,68.32,73.63,75.0,76.78
2021-08-21 11:30:00,71.01,1.0,67.01,0.0,68.43,73.81,75.0,76.78
2021-08-21 11:45:00,71.01,1.0,67.01,0.0,68.68,73.15,75.0,76.78
2021-08-21 12:00:00,71.01,1.0,67.01,0.0,68.68,72.46,75.0,76.78
2021-08-21 12:15:00,71.01,1.0,67.01,0.0,68.83,72.18,75.0,76.78
2021-08-21 12:30:00,71.01,1.0,67.01,0.0,68.76,71.69,75.0,76.78
2021-08-21 12:45:00,71.01,1.0,67.01,0.0,68.83,72.09,75.0,76.78
2021-08-21 13:00:00,71.01,1.0,67.01,0.0,68.94,73.04,75.0,76.78
2021-08-21 13:15:00,71.01,1.0,67.01,0.0,69.04,72.46,75.0,70.85
2021-08-21 13:30:00,71.01,2.0,67.01,0.0,68.94,65.82,75.0,76.66
2021-08-21 13:45:00,71.01,1.0,67.01,0.0,68.54,64.38,75.0,73.71
2021-08-21 14:00:00,71.01,1.0,67.01,0.0,68.32,63.91,75.0,74.08
2021-08-21 14:15:00,71.01,1.0,67.01,0.0,68.32,63.91,75.0,71.17
2021-08-21 14:30:00,71.01,1.0,67.01,0.0,68.18,63.81,75.0,68.21
2021-08-21 14:45:00,71.01,1.0,67.01,0.0,68.11,64.09,75.0,76.87
2021-08-21 15:00:00,71.01,1.0,67.01,0.0,68.07,64.09,75.0,76.87
2021-08-21 15:15:00,71.01,1.0,67.01,0.0,68.07,64.2,75.0,76.87
2021-08-21 15:30:00,71.01,1.0,67.01,0.0,68.11,64.38,75.0,74.24
2021-08-21 15:45:00,71.01,1.0,67.01,0.0,68.11,64.38,75.0,74.24
2021-08-21 16:00:00,71.01,1.0,67.01,0.0,68.14,64.29,75.0,74.24
2021-08-21 16:15:00,71.01,1.0,67.01,0.0,67.96,64.29,75.0,74.54
2021-08-21 16:30:00,71.01,1.0,67.01,0.0,68.04,64.29,75.0,74.54
2021-08-21 16:45:00,71.01,1.0,67.01,0.0,68.07,64.2,75.0,74.58
2021-08-21 17:00:00,71.01,1.0,67.01,0.0,68.0,64.49,75.0,74.58
2021-08-21 17:15:00,71.01,1.0,67.01,0.0,67.96,64.2,75.0,74.58
2021-08-21 17:30:00,71.01,1.0,67.01,0.0,67.96,64.2,75.0,74.58
2021-08-21 17:45:00,71.01,1.0,67.01,0.0,68.0,64.2,75.0,74.58
2021-08-21 18:00:00,71.01,1.0,67.01,0.0,67.93,64.2,75.0,74.58
2021-08-21 18:15:00,71.01,1.0,67.01,0.0,67.86,64.2,75.0,74.58
2021-08-21 18:30:00,71.01,1.0,67.01,0.0,67.89,64.2,75.0,74.58
2021-08-21 18:45:00,71.01,1.0,67.01,0.0,67.86,64.2,75.0,74.58
2021-08-21 19:00:00,71.01,1.0,67.01,0.0,67.86,64.2,75.0,74.58
2021-08-21 19:15:00,71.01,1.0,67.01,0.0,67.82,64.2,75.0,74.58
2021-08-21 19:30:17,71.01,1.0,67.01,0.0,67.82,64.2,75.0,74.58
2021-08-21 19:45:00,71.01,1.0,67.01,0.0,67.82,64.2,75.0,74.58
2021-08-21 20:00:00,71.01,1.0,67.01,0.0,67.82,64.2,75.0,74.58
2021-08-21 20:15:00,71.01,1.0,67.01,0.0,67.82,64.2,75.0,74.58
2021-08-21 20:30:00,71.01,1.0,67.01,0.0,67.82,64.2,75.0,74.58
2021-08-21 20:45:00,71.01,1.0,67.01,0.0,67.82,64.2,75.0,74.58
2021-08-21 21:00:00,71.01,1.0,67.01,0.0,67.82,64.2,75.0,74.58
2021-08-21 21:15:00,71.01,1.0,67.01,0.0,67.82,64.2,75.0,74.58
2021-08-21 21:30:00,71.01,1.0,67.01,0.0,67.82,64.2,75.0,74.58
2021-08-21 21:45:00,71.01,1.0,67.01,0.0,67.82,64.2,75.0,74.58
2021-08-21 22:00:00,71.01,1.0,67.01,0.0,67.82,64.2,75.0,74.58
2021-08-21 22:15:00,71.01,1.0,67.01,0.0,67.82,64.2,75.0,74.58
2021-08-21 22:30:00,71.01,1.0,67.01,0.0,67.82,64.2,75.0,74.58
2021-08-21 22:45:00,71.01,1.0,67.01,0.0,67.82,64.2,75.0,74.58
2021-08-21 23:00:00,71.01,1.0,67.01,0.0,67.82,64.2,75.0,74.58
2021-08-21 23:15:00,71.01,1.0,67.01,0.0,67.82,64.2,75.0,74.58
2021-08-21 23:30:00,71.01,1.0,67.01,0.0,67.82,64.2,75.0,74.58
2021-08-21 23:45:00,71.01,1.0,67.01,0.0,67.82,64.2,75.0,74.58
2021-08-22 00:00:00,71.01,1.0,67.01,0.0,67.82,64.2,75.0,74.58
2021-08-22 00:15:00,71.01,1.0,67.01,0.0,67.82,64.2,75.0,74.58
2021-08-22 00:30:00,71.01,1.0,67.01,0.0,67.82,64.2,75.0,74.58
2021-08-22 00:45:00,71.01,1.0,67.01,0.0,67.82,64.2,75.0,74.58
2021-08-22 01:00:00,71.01,1.0,67.01,0.0,67.82,64.2,75.0,74.58
2021-08-22 01:15:00,71.01,1.0,67.01,0.0,67.82,64.2,75.0,74.58
2021-08-22 01:30:00,71.01,1.0,67.01,0.0,67.82,64.2,75.0,74.58
2021-08-22 01:45:00,71.01,1.0,67.01,0.0,67.82,64.2,75.0,74.58
2021-08-22 02:00:00,71.01,1.0,67.01,0.0,67.82,64.2,75.0,74.58
2021-08-22 02:15:00,71.01,1.0,67.01,0.0,67.82,64.2,75.0,74.58
2021-08-22 02:30:00,71.01,1.0,67.01,0.0,67.82,64.2,75.0,74.58
2021-08-22 02:45:00,71.01,1.0,67.01,0.0,67.82,64.2,75.0,74.58
2021-08-22 03:00:00,71.01,1.0,67.01,0.0,67.82,64.2,75.0,74.58
2021-08-22 03:15:00,71.01,1.0,67.01,0.0,67.82,64.2,75.0,74.58
2021-08-22 03:30:00,71.01,1.0,67.01,0.0,67.82,64.2,75.0,74.58
2021-08-22 03:45:00,71.01,1.0,67.01,0.0,67.82,64.2,75.0,74.58
2021-08-22 04:00:00,71.01,1.0,67.01,0.0,67.82,64.2,75.0,74.58
2021-08-22 04:15:00,71.01,1.0,67.01,0.0,67.82,64.2,75.0,74.58
2021-08-22 04:30:00,71.01,1.0,67.01,0.0,67.82,64.2,75.0,74.58
2021-08-22 04:45:00,71.01,1.0,67.01,0.0,67.82,64.2,75.0,74.58
2021-08-22 05:00:00,71.01,1.0,67.01,0.0,67.82,64.2,75.0,74.58
2021-08-22 05:15:00,71.01,1.0,67.01,0.0,67.82,64.2,75.0,74.58
2021-08-22 05:30:00,71.01,1.0,67.01,0.0,67.82,64.2,75.0,74.58
2021-08-22 05:45:00,71.01,1.0,67.01,0.0,67.82,64.2,75.0,74.58
2021-08-22 06:00:00,71.01,1.0,67.01,0.0,67.82,64.2,75.0,74.58
2021-08-22 06:15:00,71.01,1.0,67.01,0.0,67.82,64.2,75.0,74.58
2021-08-22 06:30:00,71.01,1.0,67.01,0.0,67.82,64.2,75.0,74.58
2021-08-22 06:45:00,71.01,1.0,67.01,0.0,67.82,64.2,75.0,74.58
2021-08-22 07:00:00,71.01,1.0,67.01,0.0,67.82,64.2,75.0,74.58
2021-08-22 07:15:00,71.01,1.0,67.01,0.0,67.82,64.2,75.0,74.58
2021-08-22 07:30:00,71.01,1.0,67.01,0.0,67.82,64.2,75.0,74.58
2021-08-22 07:45:00,71.01,1.0,67.01,0.0,67.82,64.2,75.0,74.58
2021-08-22 08:00:00,71.01,1.0,67.01,0.0,67.82,64.2,75.0,74.58
2021-08-22 08:15:00,71.01,1.0,67.01,0.0,67.82,64.2,75.0,74.58
2021-08-22 08:30:00,71.01,1.0,67.01,0.0,67.82,64.2,75.0,74.58
2021-08-22 08:45:00,71.01,1.0,67.01,0.0,67.82,64.2,75.0,74.58
2021-08-22 09:00:00,71.01,1.0,67.01,0.0,67.82,64.2,75.0,74.58
2021-08-22 09:15:00,71.01,1.0,67.01,0.0,67.82,64.2,75.0,74.58
2021-08-22 09:30:00,71.01,1.0,67.01,0.0,67.82,64.2,75.0,74.58
2021-08-22 09:45:00,71.01,1.0,67.01,0.0,67.82,64.2,75.0,74.58
2021-08-22 10:00:00,71.01,1.0,67.01,0.0,67.82,64.2,75.0,74.58
2021-08-22 10:15:00,71.01,1.0,67.01,0.0,67.82,64.2,75.0,74.58
2021-08-22 10:18:06,2.0,2.0,2.0,2.0,2.0,2.0,2.0,2.0
2021-08-22 10:30:01,71.01,1.0,67.01,0.0,67.82,64.2,75.0,74.58
2021-08-22 10:45:00,71.01,1.0,67.01,0.0,67.82,64.2,75.0,74.58
2021-08-22 11:00:00,71.01,1.0,67.01,0.0,67.82,64.2,75.0,74.58
2021-08-22 11:15:00,71.01,1.0,67.01,0.0,67.82,64.2,75.0,74.58
2021-08-22 11:30:00,71.01,1.0,67.01,0.0,67.82,64.2,75.0,74.58
2021-08-22 11:45:00,71.01,1.0,67.01,0.0,67.82,64.2,75.0,74.58
2021-08-22 12:00:01,71.01,1.0,67.01,0.0,67.82,64.2,75.0,74.58
2021-08-22 12:15:00,71.01,1.0,67.01,0.0,67.82,64.2,75.0,74.58
2021-08-22 12:30:00,71.01,1.0,67.01,0.0,67.82,64.2,75.0,74.58
2021-08-22 12:45:00,71.01,1.0,67.01,0.0,67.82,64.2,75.0,74.58
2021-08-22 13:00:00,71.01,1.0,67.01,0.0,67.82,64.2,75.0,74.58
2021-08-22 13:15:00,71.01,1.0,67.01,0.0,67.82,64.2,75.0,74.58
2021-08-22 13:30:00,71.01,1.0,67.01,0.0,67.82,64.2,75.0,74.58
2021-08-22 13:45:00,71.01,1.0,67.01,0.0,67.82,64.2,75.0,74.58
2021-08-22 14:00:00,74.0,2.0,72.0,7.88,68.9,85.51,75.0,82.4
2021-08-22 14:06:13,1.0,1.0,1.0,1.0,1.0,1.0,1.0,1.0
2021-08-22 14:15:01,74.0,2.0,72.0,10.59,69.01,87.26,77.91,73.47
2021-08-22 14:30:00,74.0,2.0,72.0,7.66,69.12,86.97,77.91,76.52
2021-08-22 14:45:00,74.0,2.0,72.0,24.25,69.22,81.55,77.91,76.61
2021-08-22 15:00:00,74.0,2.0,72.0,24.25,69.22,81.55,77.91,76.61
2021-08-22 15:15:00,74.0,2.0,72.0,7.58,69.69,88.2,75.0,79.39
2021-08-22 15:30:00,74.0,2.0,72.0,21.49,69.66,84.25,77.91,79.31
2021-08-22 15:45:00,74.0,2.0,72.0,26.16,69.73,81.88,77.91,82.27
2021-08-22 16:00:00,74.0,2.0,72.0,11.24,69.8,88.0,77.91,79.31
2021-08-22 16:15:00,74.0,2.0,72.0,29.19,69.91,81.88,77.91,76.23
2021-08-22 16:30:00,74.0,2.0,72.0,19.16,70.02,85.77,77.91,76.23
2021-08-22 16:45:00,74.0,2.0,72.0,25.36,70.12,83.14,77.91,76.23
2021-08-22 17:00:00,74.0,2.0,72.0,18.76,70.23,86.25,77.91,76.23
2021-08-22 17:15:00,74.0,2.0,72.0,18.47,70.34,84.11,77.91,76.23
2021-08-22 17:30:00,74.0,2.0,72.0,20.91,70.34,85.96,77.91,76.23
2021-08-22 17:45:00,74.0,2.0,72.0,20.15,70.45,85.66,77.91,76.23
2021-08-22 18:00:00,74.0,2.0,72.0,18.77,70.41,86.11,77.91,76.23
2021-08-22 18:15:00,74.0,2.0,72.0,27.42,70.59,81.7,77.91,76.23
2021-08-22 18:30:00,74.0,2.0,72.0,15.17,70.59,87.03,77.91,76.23
2021-08-22 18:45:00,74.0,2.0,72.0,21.21,70.7,83.91,77.91,76.23
2021-08-22 19:00:00,74.0,2.0,72.0,25.29,70.63,84.6,77.91,76.23
2021-08-22 19:15:00,74.0,2.0,72.0,22.14,70.84,85.77,77.91,76.23
2021-08-22 19:30:00,74.0,2.0,72.0,15.51,70.95,84.88,77.91,76.23
2021-08-22 19:45:00,74.0,2.0,72.0,17.7,70.99,84.4,77.91,76.23
2021-08-22 20:00:00,74.0,2.0,72.0,20.46,71.06,85.48,77.91,76.23
2021-08-22 20:15:00,74.0,2.0,72.0,13.42,71.17,85.37,77.91,76.24
2021-08-22 20:30:00,74.0,2.0,72.0,18.63,71.28,84.22,77.91,76.24
2021-08-22 20:45:00,74.0,2.0,72.0,25.97,71.28,84.7,77.91,76.24
2021-08-22 21:00:00,74.0,2.0,72.0,14.66,71.42,86.14,77.91,76.24
2021-08-22 21:15:00,74.0,2.0,72.0,18.07,71.38,84.6,77.91,76.24
2021-08-22 21:30:00,74.0,2.0,72.0,20.07,71.38,84.7,77.91,76.24
2021-08-22 21:45:00,74.0,2.0,72.0,22.07,71.49,84.6,77.91,76.24
2021-08-22 22:00:00,74.0,2.0,72.0,20.59,71.53,86.45,77.91,76.24
2021-08-22 22:15:00,74.0,2.0,72.0,24.26,71.53,83.62,77.91,76.24
2021-08-22 22:30:00,74.0,2.0,72.0,14.63,71.6,86.14,77.91,76.24
2021-08-22 22:45:00,74.0,2.0,72.0,25.34,71.56,83.1,77.91,76.24
2021-08-22 23:00:00,74.0,2.0,72.0,26.48,71.64,82.85,77.91,76.24
2021-08-22 23:15:00,74.0,2.0,72.0,14.39,71.6,86.34,77.91,76.24
2021-08-22 23:30:00,74.0,2.0,72.0,20.44,71.6,85.77,77.91,74.08
2021-08-22 23:45:00,74.0,2.0,72.0,15.38,71.6,85.28,77.91,77.34
2021-08-23 00:00:00,74.0,2.0,72.0,17.92,71.64,86.11,77.91,75.09
2021-08-23 00:15:00,74.0,2.0,72.0,12.38,71.64,87.08,77.91,78.49
2021-08-23 00:30:00,74.0,2.0,72.0,28.52,71.6,82.04,77.91,78.49
2021-08-23 00:45:00,74.0,2.0,72.0,9.99,71.6,87.75,77.91,78.49
2021-08-23 01:00:00,74.0,2.0,72.0,29.84,71.6,80.78,77.91,78.49
2021-08-23 01:15:00,74.0,2.0,72.0,12.36,71.71,87.71,77.91,78.49
2021-08-23 01:30:00,74.0,2.0,72.0,15.17,71.64,86.14,77.91,78.49
2021-08-23 01:45:00,74.0,2.0,72.0,22.06,71.64,83.34,77.91,78.49
2021-08-23 02:00:00,74.0,2.0,72.0,28.31,71.6,81.7,77.91,78.49
2021-08-23 02:00:01,-1.0,-1.0,-1.0,-1.0,-1.0,-1.0,-1.0,-1.0
2021-08-23 02:14:59,74.0,2.0,72.0,9.23,71.64,88.48,77.91,78.49
2021-08-23 02:30:00,74.0,2.0,72.0,19.15,71.67,84.25,77.91,78.49
2021-08-23 02:45:00,74.0,2.0,72.0,25.69,71.67,82.67,77.91,78.49
2021-08-23 03:00:00,74.0,2.0,72.0,10.4,71.64,88.23,77.91,78.49
2021-08-23 03:15:00,74.0,2.0,72.0,15.96,71.67,85.37,77.91,78.49
2021-08-23 03:30:00,74.0,2.0,72.0,28.56,71.71,81.3,77.91,78.49
2021-08-23 03:45:00,74.0,2.0,72.0,23.22,71.74,84.02,77.91,78.49
2021-08-23 04:00:00,74.0,2.0,72.0,11.88,71.67,87.85,77.91,78.49
2021-08-23 04:15:00,74.0,2.0,72.0,15.99,71.71,85.51,77.91,78.49
2021-08-23 04:30:00,74.0,2.0,72.0,29.17,71.82,81.21,77.91,78.49
2021-08-23 04:45:00,74.0,2.0,72.0,10.08,71.71,88.48,77.91,78.49
2021-08-23 05:00:00,74.0,2.0,72.0,19.6,71.71,83.73,77.91,78.49
2021-08-23 05:15:00,74.0,2.0,72.0,18.45,71.82,85.66,77.91,78.49
2021-08-23 05:30:00,74.0,2.0,72.0,14.82,71.78,86.14,77.91,78.49
2021-08-23 05:45:00,74.0,2.0,72.0,28.7,71.78,81.84,77.91,78.49
2021-08-23 06:00:00,74.0,2.0,72.0,13.63,71.71,87.26,77.91,78.49
2021-08-23 06:15:00,74.0,2.0,72.0,12.18,71.71,88.0,77.91,78.49
2021-08-23 06:30:00,74.0,2.0,72.0,24.21,71.71,82.67,77.91,78.49
2021-08-23 06:45:00,74.0,2.0,72.0,11.19,71.85,88.2,77.91,78.49
2021-08-23 07:00:00,74.0,2.0,72.0,28.49,71.74,81.3,77.91,78.49
2021-08-23 07:15:00,74.0,2.0,72.0,10.87,71.74,88.05,77.91,78.49
2021-08-23 07:30:00,74.0,2.0,72.0,20.4,71.74,83.62,77.91,75.96
2021-08-23 07:45:00,74.0,2.0,72.0,23.01,71.71,84.02,77.91,76.24
2021-08-23 08:00:00,74.0,2.0,72.0,11.28,71.71,87.89,77.91,76.24
2021-08-23 08:15:00,74.0,2.0,72.0,16.45,71.67,85.33,77.91,76.24
2021-08-23 08:30:00,74.0,2.0,72.0,17.7,71.6,84.74,77.91,76.24
2021-08-23 08:45:00,74.0,2.0,72.0,11.3,71.49,86.97,77.91,76.24
2021-08-23 09:00:00,74.0,2.0,72.0,11.11,71.78,88.0,77.91,76.24
2021-08-23 09:15:00,74.0,2.0,72.0,23.18,71.82,83.44,77.91,76.24
2021-08-23 09:30:00,74.0,2.0,72.0,19.52,71.89,83.44,77.91,79.19
2021-08-23 09:45:00,74.0,2.0,72.0,9.37,72.03,88.34,77.91,76.27
2021-08-23 10:00:00,74.0,2.0,72.0,22.12,71.92,82.56,77.91,76.27
2021-08-23 10:15:00,74.0,2.0,72.0,23.77,71.67,83.77,77.91,79.2
2021-08-23 10:23:27,-1.0,-1.0,-1.0,-1.0,-1.0,-1.0,-1.0,-1.0
2021-08-23 10:24:07,0.3333333333333333,0.3333333333333333,0.3333333333333333,0.3333333333333333,0.3333333333333333,0.3333333333333333,0.3333333333333333,0.3333333333333333
2021-08-23 10:24:12,0.25,0.25,0.25,0.25,0.25,0.25,0.25,0.25
2021-08-23 10:24:13,1.0,1.0,1.0,1.0,1.0,1.0,1.0,1.0
2021-08-23 10:29:59,74.0,2.0,72.0,18.79,71.31,85.82,77.91,79.2
2021-08-23 10:45:00,74.0,2.0,72.0,24.37,71.13,83.3,77.91,79.2
2021-08-23 11:00:00,74.0,2.0,72.0,22.1,70.88,85.33,77.91,79.2
2021-08-23 11:15:02,74.0,2.0,72.0,17.94,70.88,85.62,77.91,79.75
2021-08-23 11:30:00,74.0,2.0,72.0,26.73,71.17,81.73,77.91,79.75
2021-08-23 11:45:00,74.0,2.0,72.0,18.82,71.64,84.25,77.91,79.65
2021-08-23 12:00:00,74.0,2.0,72.0,21.72,71.92,85.82,77.91,79.65
2021-08-23 12:15:00,74.0,2.0,72.0,16.78,72.03,84.74,77.91,79.65
2021-08-23 12:30:00,74.0,2.0,72.0,26.72,72.18,83.88,77.91,79.65
2021-08-23 12:45:00,74.0,2.0,72.0,21.41,71.56,85.33,77.91,79.65
2021-08-23 13:00:00,74.0,2.0,72.0,18.41,71.56,85.33,77.91,79.65
2021-08-23 13:15:00,74.0,2.0,72.0,25.29,71.56,82.22,77.91,79.65
2021-08-23 13:30:00,74.0,2.0,72.0,27.18,71.35,81.73,77.91,79.65
2021-08-23 13:45:00,74.0,2.0,72.0,16.98,71.28,84.54,77.91,79.65
2021-08-23 14:00:00,74.0,2.0,72.0,21.33,71.17,84.65,77.91,79.65
2021-08-23 14:15:00,74.0,2.0,72.0,23.4,71.06,84.65,77.91,79.65
2021-08-23 14:30:00,74.0,2.0,72.0,20.73,71.1,86.4,77.91,79.65
2021-08-23 14:45:00,74.0,2.0,72.0,23.28,70.77,83.88,77.91,79.65
2021-08-23 15:00:00,74.0,2.0,72.0,20.0,70.92,85.62,77.91,79.65
2021-08-23 15:15:00,74.0,2.0,72.0,25.21,70.92,84.07,77.91,79.65
2021-08-23 15:30:00,74.0,2.0,72.0,17.37,70.95,86.4,77.91,79.65
2021-08-23 15:45:00,74.0,2.0,72.0,20.13,70.95,85.62,77.91,79.65
2021-08-23 16:00:00,74.0,2.0,72.0,16.05,71.17,84.74,77.91,79.65
2021-08-23 16:15:00,74.0,2.0,72.0,25.79,71.28,84.25,77.91,79.65
2021-08-23 16:30:00,74.0,2.0,72.0,13.52,71.17,86.29,77.91,79.65
2021-08-23 16:45:00,74.0,2.0,72.0,25.36,71.64,83.88,77.91,79.65
2021-08-23 17:00:00,74.0,2.0,72.0,18.58,71.85,84.54,77.91,79.65
2021-08-23 17:15:00,74.0,2.0,72.0,14.01,72.0,86.29,77.91,79.65
2021-08-23 17:30:00,74.0,2.0,72.0,15.4,72.0,85.33,77.91,79.65
2021-08-23 17:45:00,74.0,2.0,72.0,14.33,72.1,85.14,77.91,79.65
2021-08-23 18:00:00,74.0,2.0,72.0,14.1,72.1,86.77,77.91,79.65
2021-08-23 18:15:00,74.0,2.0,72.0,22.88,72.18,84.85,77.91,79.65
2021-08-23 18:30:00,74.0,2.0,72.0,24.89,72.1,84.54,77.91,79.65
2021-08-23 18:45:00,74.0,2.0,72.0,25.0,72.25,84.74,77.91,79.6
2021-08-23 19:00:00,74.0,2.0,72.0,24.72,72.18,85.51,77.91,79.6
2021-08-23 19:15:00,74.0,2.0,72.0,17.12,72.18,86.29,77.91,79.6
2021-08-23 19:30:00,74.0,2.0,72.0,15.88,72.21,85.03,77.91,79.6
2021-08-23 19:45:00,74.0,2.0,72.0,22.45,72.25,84.07,77.91,79.6
2021-08-23 20:00:00,74.0,2.0,72.0,25.6,72.21,85.03,77.91,79.6
2021-08-23 20:15:00,74.0,2.0,72.0,24.33,72.28,85.33,77.91,79.6
2021-08-23 20:30:00,74.0,2.0,72.0,14.44,72.28,86.0,77.91,79.23
2021-08-23 20:45:00,74.0,2.0,72.0,23.36,72.25,83.77,77.91,79.23
2021-08-23 21:00:00,74.0,2.0,72.0,13.69,72.21,85.71,77.91,79.23
2021-08-23 21:15:00,74.0,2.0,72.0,13.85,72.28,85.23,77.91,79.23
2021-08-23 21:30:00,74.0,2.0,72.0,13.79,72.25,86.34,77.91,79.23
2021-08-23 21:45:00,74.0,2.0,72.0,23.71,72.25,83.25,77.91,79.23
2021-08-23 22:00:00,74.0,2.0,72.0,8.73,72.21,84.99,75.0,76.26
2021-08-23 22:15:00,74.0,2.0,72.0,10.96,72.25,81.3,75.0,76.26
2021-08-23 22:30:00,74.0,2.0,72.0,11.18,72.14,81.16,75.0,76.26
2021-08-23 22:45:00,74.0,2.0,72.0,18.09,72.03,78.64,75.0,76.26
2021-08-23 23:00:00,74.0,2.0,72.0,26.23,72.07,75.56,75.0,76.26
2021-08-23 23:15:00,74.0,2.0,72.0,24.04,71.92,78.31,75.0,76.26
2021-08-23 23:30:00,74.0,2.0,72.0,9.69,71.96,84.07,75.0,76.26
2021-08-23 23:45:00,74.0,2.0,72.0,25.93,71.92,78.35,75.0,76.26
2021-08-24 00:00:00,74.0,2.0,72.0,9.77,71.85,85.82,75.0,76.26
2021-08-24 00:15:00,74.0,2.0,72.0,13.77,71.92,84.11,75.0,76.26
2021-08-24 00:30:00,74.0,2.0,72.0,29.99,71.92,79.75,75.0,73.3
2021-08-24 00:45:00,74.0,2.0,72.0,17.54,71.85,84.4,75.0,73.51
2021-08-24 01:00:00,74.0,2.0,72.0,20.57,71.89,85.77,75.0,73.51
2021-08-24 01:15:00,74.0,2.0,72.0,16.77,71.92,84.7,75.0,73.5
2021-08-24 01:30:00,74.0,2.0,72.0,13.69,71.92,85.66,75.0,76.46
2021-08-24 01:45:00,74.0,2.0,72.0,16.11,71.92,84.7,75.0,76.46
2021-08-24 02:00:00,74.0,2.0,72.0,21.47,71.92,83.34,75.0,76.46
2021-08-24 02:00:01,-1.0,-1.0,-1.0,-1.0,-1.0,-1.0,-1.0,-1.0
2021-08-24 02:14:58,74.0,2.0,72.0,23.99,72.03,83.77,75.0,76.46
2021-08-24 02:15:00,74.0,2.0,72.0,22.83,72.03,84.02,75.0,76.46
2021-08-24 02:30:00,74.0,2.0,72.0,10.41,71.92,87.94,75.0,76.46
2021-08-24 02:45:00,74.0,2.0,72.0,22.29,72.03,83.34,75.0,76.46
2021-08-24 03:00:00,74.0,2.0,72.0,24.71,72.03,82.67,75.0,76.46
2021-08-24 03:15:00,74.0,2.0,72.0,15.68,72.07,84.88,75.0,76.46
2021-08-24 03:30:00,74.0,2.0,72.0,16.68,72.03,85.17,75.0,76.46
2021-08-24 03:45:00,74.0,2.0,72.0,13.73,72.0,84.7,75.0,76.46
2021-08-24 04:00:00,74.0,2.0,72.0,12.56,72.07,86.92,75.0,76.46
2021-08-24 04:15:00,74.0,2.0,72.0,23.93,72.07,83.44,75.0,76.46
2021-08-24 04:30:00,74.0,2.0,72.0,15.18,72.0,84.99,75.0,76.46
2021-08-24 04:45:00,74.0,2.0,72.0,20.42,72.03,84.4,75.0,76.46
2021-08-24 05:00:00,74.0,2.0,72.0,22.31,72.07,85.77,75.0,76.46
2021-08-24 05:15:00,74.0,2.0,72.0,26.41,72.1,81.3,75.0,76.46
2021-08-24 05:30:00,74.0,2.0,72.0,23.53,72.0,82.71,75.0,76.46
2021-08-24 05:45:00,74.0,2.0,72.0,27.1,72.03,81.93,75.0,76.46
2021-08-24 06:00:00,74.0,2.0,72.0,24.96,72.07,82.96,75.0,76.46
2021-08-24 06:15:00,74.0,2.0,72.0,17.48,72.07,85.33,75.0,76.46
2021-08-24 06:30:00,74.0,2.0,72.0,18.17,72.0,84.51,75.0,76.46
2021-08-24 06:45:00,74.0,2.0,72.0,28.46,72.0,79.86,75.0,76.46
2021-08-24 07:00:00,74.0,2.0,72.0,19.1,72.0,81.93,75.0,76.46
2021-08-24 07:15:00,74.0,2.0,72.0,10.1,72.03,85.23,75.0,76.46
2021-08-24 07:30:00,74.0,2.0,72.0,21.82,72.0,81.41,75.0,76.46
2021-08-24 07:45:00,74.0,2.0,72.0,13.15,71.96,83.14,75.0,76.46
2021-08-24 08:00:00,74.0,2.0,72.0,19.01,71.92,84.07,75.0,76.46
2021-08-24 08:15:00,74.0,2.0,72.0,28.21,71.6,81.55,75.0,76.46
2021-08-24 08:30:00,74.0,2.0,72.0,14.72,71.49,85.23,75.0,76.46
2021-08-24 08:45:00,74.0,2.0,72.0,12.27,71.56,87.57,75.0,76.46
2021-08-24 09:00:00,74.0,2.0,72.0,23.8,71.49,82.18,75.0,76.45
2021-08-24 09:15:00,74.0,2.0,72.0,10.44,71.71,87.4,77.91,76.58
2021-08-24 09:30:00,74.0,2.0,72.0,27.89,71.82,81.84,77.91,73.51
2021-08-24 09:45:00,74.0,2.0,72.0,10.39,71.71,87.4,77.91,76.75
2021-08-24 10:00:00,74.0,2.0,72.0,24.79,71.71,82.22,77.91,76.75
2021-08-24 10:15:00,74.0,2.0,72.0,25.07,71.71,82.71,77.91,79.62
2021-08-24 10:28:02,0.0,0.0,0.0,0.0,0.0,0.0,0.0,0.0
2021-08-24 10:28:07,1.0,1.0,1.0,1.0,1.0,1.0,1.0,1.0
2021-08-24 10:28:12,0.25,0.25,0.25,0.25,0.25,0.25,0.25,0.25
2021-08-24 10:29:58,74.0,2.0,72.0,15.85,71.53,85.23,77.91,86.22
2021-08-24 10:30:00,74.0,2.0,72.0,15.85,71.53,85.23,77.91,86.22
2021-08-24 10:45:00,74.0,2.0,72.0,20.93,71.38,84.36,77.91,77.18
2021-08-24 11:00:00,74.0,2.0,72.0,25.94,71.42,84.54,77.91,77.18
2021-08-24 11:15:00,74.0,2.0,72.0,14.73,71.49,86.88,77.91,77.18
2021-08-24 11:30:00,74.0,2.0,72.0,13.66,71.71,86.0,77.91,77.18
2021-08-24 11:45:00,74.0,2.0,72.0,24.14,72.0,82.81,77.91,77.18
2021-08-24 12:00:00,74.0,2.0,72.0,23.96,72.28,84.85,77.91,77.18
2021-08-24 12:15:00,74.0,2.0,72.0,24.94,72.28,85.33,77.91,77.18
2021-08-24 12:30:00,74.0,2.0,72.0,16.4,72.39,86.11,77.91,77.18
2021-08-24 12:45:00,74.0,2.0,72.0,26.24,72.54,83.88,77.91,77.18
2021-08-24 13:00:00,74.0,2.0,72.0,25.08,72.64,85.33,77.91,77.18
2021-08-24 13:15:00,74.0,2.0,72.0,22.07,72.36,85.33,77.91,77.18
2021-08-24 13:30:00,74.0,2.0,72.0,17.07,71.92,85.62,77.91,77.18
2021-08-24 13:45:00,74.0,2.0,72.0,22.37,71.71,82.99,77.91,77.18
2021-08-24 14:00:00,74.0,2.0,72.0,15.81,71.64,86.11,77.91,77.18
2021-08-24 14:15:00,74.0,2.0,72.0,16.05,71.53,86.29,77.91,77.18
2021-08-24 14:30:00,74.0,2.0,72.0,16.11,71.38,84.74,77.91,77.18
2021-08-24 14:45:00,74.0,2.0,72.0,23.12,71.56,84.07,77.91,77.18
2021-08-24 15:00:00,74.0,2.0,72.0,25.12,71.46,84.74,77.91,77.18
2021-08-24 15:15:00,74.0,2.0,72.0,24.12,71.46,85.33,77.91,77.18
2021-08-24 15:30:00,74.0,2.0,72.0,23.1,71.49,85.33,77.91,77.18
2021-08-24 15:45:00,74.0,2.0,72.0,18.03,71.35,85.62,77.91,77.18
2021-08-24 16:00:00,74.0,2.0,72.0,13.92,71.46,85.23,77.91,77.18
2021-08-24 16:15:00,74.0,2.0,72.0,21.6,71.49,82.22,77.91,77.18
2021-08-24 16:30:00,74.0,2.0,72.0,15.86,71.49,84.85,77.91,77.18
2021-08-24 16:45:00,74.0,2.0,72.0,17.88,71.56,84.54,77.91,77.18
2021-08-24 17:00:00,74.0,2.0,72.0,23.25,72.1,84.54,77.91,77.18
2021-08-24 17:15:00,74.0,2.0,72.0,24.17,72.25,85.82,77.91,77.18
2021-08-24 17:30:00,74.0,2.0,72.0,14.75,72.54,85.82,77.91,77.18
2021-08-24 17:45:00,74.0,2.0,72.0,24.62,72.5,84.85,77.91,77.18
2021-08-24 18:00:00,74.0,2.0,72.0,19.24,72.54,85.82,77.91,77.18
2021-08-24 18:15:00,74.0,2.0,72.0,21.93,72.75,82.99,77.91,77.18
2021-08-24 18:30:00,74.0,2.0,72.0,26.07,72.64,84.65,77.91,77.18
2021-08-24 18:45:00,74.0,2.0,72.0,13.26,72.68,79.9,75.0,74.23
2021-08-24 19:00:00,74.0,2.0,72.0,13.23,72.64,72.12,75.0,74.62
2021-08-24 19:15:00,74.0,2.0,72.0,11.16,72.25,73.92,75.0,74.62
2021-08-24 19:30:00,74.0,2.0,72.0,5.25,72.03,76.51,75.0,74.62
2021-08-24 19:45:00,74.0,2.0,72.0,12.5,72.03,74.64,75.0,74.62
2021-08-24 20:00:00,74.0,2.0,72.0,11.44,71.89,76.66,75.0,74.62
2021-08-24 20:15:00,74.0,2.0,72.0,9.46,72.0,76.77,75.0,77.53
2021-08-24 20:30:00,74.0,2.0,72.0,17.19,71.89,74.1,75.0,74.89
2021-08-24 20:45:00,74.0,2.0,72.0,10.82,71.89,78.8,75.0,74.89
2021-08-24 21:00:00,74.0,2.0,72.0,27.66,71.89,73.47,75.0,74.89
2021-08-24 21:15:00,74.0,2.0,72.0,22.28,71.96,75.7,75.0,74.89
2021-08-24 21:30:00,74.0,2.0,72.0,11.1,72.0,79.27,75.0,74.89
2021-08-24 21:45:00,74.0,2.0,72.0,10.79,71.96,80.64,75.0,74.89
2021-08-24 22:00:00,74.0,2.0,72.0,25.75,71.96,74.07,75.0,74.89
2021-08-24 22:15:00,74.0,2.0,72.0,9.0,72.0,80.19,75.0,74.89
2021-08-24 22:30:00,74.0,2.0,72.0,11.68,71.89,80.92,75.0,74.89
2021-08-24 22:45:00,74.0,2.0,72.0,12.95,71.89,82.67,75.0,74.89
2021-08-24 23:00:00,74.0,2.0,72.0,9.98,72.03,82.81,75.0,74.89
2021-08-24 23:15:00,74.0,2.0,72.0,27.17,72.0,75.7,75.0,74.89
2021-08-24 23:30:00,74.0,2.0,72.0,25.14,71.96,76.19,75.0,75.05
2021-08-24 23:45:00,74.0,2.0,72.0,27.8,72.0,75.31,75.0,75.05
2021-08-25 00:00:00,74.0,2.0,72.0,25.7,72.0,76.66,75.0,75.05
2021-08-25 00:15:00,74.0,2.0,72.0,24.42,71.92,76.96,75.0,72.28
2021-08-25 00:30:00,74.0,2.0,72.0,16.91,72.03,78.64,75.0,75.69
2021-08-25 00:45:00,74.0,2.0,72.0,16.52,71.92,80.67,75.0,75.69
2021-08-25 01:00:00,74.0,2.0,72.0,17.93,71.92,80.53,75.0,75.69
2021-08-25 01:15:00,74.0,2.0,72.0,22.14,71.92,80.33,75.0,75.69
2021-08-25 01:30:00,74.0,2.0,72.0,11.72,72.07,82.96,75.0,75.69
2021-08-25 01:45:00,74.0,2.0,72.0,10.57,72.03,83.59,75.0,75.69
2021-08-25 02:00:00,74.0,2.0,72.0,27.97,72.0,76.51,75.0,75.69
2021-08-25 02:00:01,-1.0,-1.0,-1.0,-1.0,-1.0,-1.0,-1.0,-1.0
2021-08-25 02:14:59,74.0,2.0,72.0,9.46,72.03,81.41,75.0,75.69
2021-08-25 02:30:00,74.0,2.0,72.0,21.96,72.03,76.37,75.0,75.69
2021-08-25 02:45:00,74.0,2.0,72.0,16.2,71.96,80.19,75.0,75.69
2021-08-25 03:00:00,74.0,2.0,72.0,18.01,72.0,78.35,75.0,75.69
2021-08-25 03:15:00,74.0,2.0,72.0,7.84,71.96,83.48,75.0,75.69
2021-08-25 03:30:00,74.0,2.0,72.0,26.92,71.96,76.96,75.0,75.69
2021-08-25 03:45:00,74.0,2.0,72.0,22.98,71.96,77.92,75.0,75.69
2021-08-25 04:00:00,74.0,2.0,72.0,21.2,71.85,81.41,75.0,75.69
2021-08-25 04:15:00,74.0,2.0,72.0,19.5,71.96,82.22,75.0,75.69
2021-08-25 04:30:00,74.0,2.0,72.0,25.6,71.96,79.9,75.0,75.69
2021-08-25 04:45:00,74.0,2.0,72.0,26.7,71.96,80.78,75.0,75.69
2021-08-25 05:00:00,74.0,2.0,72.0,13.83,72.0,85.77,75.0,75.69
2021-08-25 05:15:00,74.0,2.0,72.0,12.06,71.96,85.66,75.0,75.69
2021-08-25 05:30:00,74.0,2.0,72.0,27.11,71.96,81.1,75.0,75.69
2021-08-25 05:45:00,74.0,2.0,72.0,27.98,72.07,80.15,75.0,75.69
2021-08-25 06:00:00,74.0,2.0,72.0,11.08,72.07,85.48,75.0,75.69
2021-08-25 06:15:00,74.0,2.0,72.0,14.55,71.92,84.85,75.0,75.69
2021-08-25 06:30:00,74.0,2.0,72.0,29.78,71.92,80.92,75.0,75.69
2021-08-25 06:45:00,74.0,2.0,72.0,12.51,71.96,87.85,75.0,75.69
2021-08-25 07:00:00,74.0,2.0,72.0,17.35,72.03,85.17,75.0,75.69
2021-08-25 07:15:00,74.0,2.0,72.0,20.3,72.03,83.97,75.0,75.69
2021-08-25 07:30:00,74.0,2.0,72.0,16.61,72.07,84.65,75.0,75.69
2021-08-25 07:45:00,74.0,2.0,72.0,9.77,72.03,87.03,75.0,84.74
2021-08-25 08:00:00,74.0,2.0,72.0,12.25,71.78,86.92,75.0,72.58
2021-08-25 08:15:00,74.0,2.0,72.0,18.96,71.78,83.97,75.0,75.49
2021-08-25 08:30:00,74.0,2.0,72.0,20.05,71.56,83.3,75.0,75.49
2021-08-25 08:45:00,74.0,2.0,72.0,15.19,71.71,85.17,75.0,75.49
2021-08-25 09:00:00,74.0,2.0,72.0,7.53,72.03,88.63,75.0,75.49
2021-08-25 09:15:00,74.0,2.0,72.0,24.43,72.14,81.88,75.0,75.49
2021-08-25 09:30:00,74.0,2.0,72.0,8.97,72.39,88.34,75.0,75.49
2021-08-25 09:45:00,74.0,2.0,72.0,18.86,72.54,81.1,75.0,72.73
2021-08-25 10:00:00,74.0,2.0,72.0,9.06,72.57,78.06,75.0,76.34
2021-08-25 10:15:00,74.0,2.0,72.0,20.8,72.25,73.15,75.0,73.34
2021-08-25 10:30:00,74.0,2.0,72.0,21.99,71.74,78.69,75.0,75.9
2021-08-25 10:31:54,0.0,0.0,0.0,0.0,0.0,0.0,0.0,0.0
2021-08-25 10:44:59,74.0,2.0,72.0,26.38,71.42,83.3,75.0,75.9
2021-08-25 11:00:00,74.0,2.0,72.0,26.18,71.31,82.99,75.0,75.9
2021-08-25 11:15:00,74.0,2.0,72.0,17.64,71.31,87.08,75.0,75.9
2021-08-25 11:30:00,74.0,2.0,72.0,14.0,72.0,87.26,75.0,75.9
2021-08-25 11:45:00,74.0,2.0,72.0,25.57,72.25,82.33,75.0,75.9
2021-08-25 12:00:00,74.0,2.0,72.0,14.57,72.25,85.23,75.0,75.9
2021-08-25 12:15:00,74.0,2.0,72.0,13.57,72.28,85.03,75.0,72.91
2021-08-25 12:30:01,74.0,2.0,72.0,13.57,72.18,85.03,75.0,76.49
2021-08-25 12:45:00,74.0,2.0,72.0,14.85,72.28,84.65,75.0,76.49
2021-08-25 13:00:00,74.0,2.0,72.0,,71.92,,75.0,76.49
2021-08-25 13:00:01,,,,20.77,,82.22,,
2021-08-25 13:15:01,74.0,2.0,72.0,15.84,71.82,85.82,75.0,76.49
2021-08-25 13:30:00,74.0,2.0,72.0,26.63,71.71,83.19,75.0,76.49
2021-08-25 13:45:00,74.0,2.0,72.0,20.96,71.6,85.82,75.0,76.53
2021-08-25 14:00:00,74.0,2.0,72.0,12.68,71.56,85.62,75.0,76.53
2021-08-25 14:15:00,74.0,2.0,72.0,12.54,71.6,86.92,75.0,76.53
2021-08-25 14:30:00,74.0,2.0,72.0,30.23,71.74,81.07,77.94,76.53
2021-08-25 14:45:00,74.0,2.0,72.0,17.64,71.85,86.25,77.94,76.53
2021-08-25 15:00:01,74.0,2.0,72.0,20.37,72.21,85.66,77.94,76.53
2021-08-25 15:15:00,74.0,2.0,72.0,24.09,72.36,83.19,77.94,76.53
2021-08-25 15:29:59,74.0,2.0,72.0,16.73,72.46,85.51,77.94,76.53
2021-08-25 15:45:00,74.0,2.0,72.0,21.43,72.57,85.33,77.94,76.53
2021-08-25 16:00:01,74.0,2.0,72.0,13.01,72.57,86.29,77.94,76.53
2021-08-25 16:15:00,74.0,2.0,72.0,7.91,72.61,84.02,75.0,76.53
2021-08-25 16:29:59,74.0,2.0,72.0,19.9,72.57,71.98,75.0,76.53
2021-08-25 16:45:00,74.0,2.0,72.0,24.31,72.32,69.91,75.0,76.53
2021-08-25 17:00:00,74.0,2.0,72.0,18.97,72.18,72.23,75.0,76.53
2021-08-25 17:15:00,74.0,2.0,72.0,4.29,72.07,77.29,75.0,76.53
2021-08-25 17:30:00,74.0,2.0,72.0,6.7,71.96,75.88,75.0,76.53
2021-08-25 17:45:00,74.0,2.0,72.0,18.02,72.0,71.8,75.0,76.53
2021-08-25 18:00:00,74.0,2.0,72.0,6.46,71.96,78.75,75.0,76.53
2021-08-25 18:15:00,74.0,2.0,72.0,22.8,72.0,71.4,75.0,76.53
2021-08-25 18:30:00,74.0,2.0,72.0,5.14,72.0,78.31,75.0,76.53
2021-08-25 18:45:00,74.0,2.0,72.0,28.4,71.89,71.8,75.0,76.53
2021-08-25 19:00:00,74.0,2.0,72.0,20.22,72.0,73.67,75.0,76.53
2021-08-25 19:15:00,74.0,2.0,72.0,8.41,72.0,77.92,75.0,76.53
2021-08-25 19:30:00,74.0,2.0,72.0,20.79,72.03,74.79,75.0,76.53
2021-08-25 19:45:00,74.0,2.0,72.0,11.38,72.0,76.37,75.0,76.53
2021-08-25 20:00:00,74.0,2.0,72.0,,,,75.0,76.53
2021-08-25 20:00:01,,,,13.09,72.0,77.29,,
2021-08-25 20:15:00,74.0,2.0,72.0,15.96,72.07,73.47,75.0,76.48
2021-08-25 20:30:00,74.0,2.0,72.0,11.7,72.07,76.19,75.0,73.87
2021-08-25 20:45:00,74.0,2.0,72.0,12.44,71.96,74.1,75.0,73.87
2021-08-25 21:00:00,74.0,2.0,,,,,75.0,73.87
2021-08-25 21:00:01,,,72.0,11.21,71.96,76.77,,
2021-08-25 21:15:00,74.0,2.0,72.0,14.11,72.0,74.35,75.0,76.78
2021-08-25 21:30:00,74.0,2.0,72.0,6.18,71.96,78.8,75.0,76.78
2021-08-25 21:45:00,74.0,2.0,72.0,26.84,71.92,71.11,75.0,76.78
2021-08-25 22:00:00,74.0,2.0,72.0,15.21,71.96,74.88,75.0,76.78
2021-08-25 22:15:00,74.0,2.0,72.0,7.82,71.92,78.35,75.0,76.78
2021-08-25 22:30:00,74.0,2.0,72.0,4.89,71.96,80.49,75.0,76.78
2021-08-25 22:45:00,74.0,2.0,72.0,12.36,71.96,78.98,75.0,76.78
2021-08-25 23:00:00,74.0,2.0,72.0,15.83,72.0,78.31,75.0,76.78
2021-08-25 23:15:00,74.0,2.0,72.0,11.13,72.0,80.29,75.0,76.78
2021-08-25 23:30:00,74.0,2.0,72.0,17.15,72.07,77.11,75.0,76.78
2021-08-25 23:45:00,74.0,2.0,72.0,26.21,72.14,72.43,75.0,76.78
2021-08-26 00:00:00,74.0,2.0,72.0,19.35,72.03,73.47,75.0,76.78
2021-08-26 00:15:00,74.0,2.0,72.0,6.36,72.0,77.68,75.0,76.78
2021-08-26 00:30:00,74.0,2.0,72.0,9.36,71.96,78.8,75.0,76.78
2021-08-26 00:45:00,74.0,2.0,72.0,10.79,71.96,78.75,75.0,76.78
2021-08-26 01:00:00,74.0,2.0,72.0,16.87,71.92,76.77,75.0,76.78
2021-08-26 01:15:00,74.0,2.0,72.0,26.04,72.07,72.37,75.0,76.78
2021-08-26 01:30:00,74.0,2.0,72.0,21.52,71.96,73.33,75.0,76.78
2021-08-26 01:45:00,74.0,2.0,72.0,19.38,71.96,74.68,75.0,76.78
2021-08-26 02:00:00,74.0,2.0,72.0,23.43,72.0,73.92,75.0,76.78
2021-08-26 02:00:01,-1.0,-1.0,-1.0,-1.0,-1.0,-1.0,-1.0,-1.0
2021-08-26 02:14:59,74.0,2.0,72.0,24.47,72.07,72.61,75.0,76.78
2021-08-26 02:30:00,74.0,2.0,72.0,21.47,71.92,73.92,75.0,76.78
2021-08-26 02:45:00,74.0,2.0,72.0,22.22,71.92,74.39,75.0,76.78
2021-08-26 03:00:00,74.0,2.0,72.0,10.7,71.96,77.68,75.0,76.78
2021-08-26 03:15:00,74.0,2.0,72.0,12.79,71.96,77.29,75.0,76.78
2021-08-26 03:30:00,74.0,2.0,72.0,22.33,71.89,74.39,75.0,76.78
2021-08-26 03:45:00,74.0,2.0,72.0,28.26,71.96,72.86,75.0,76.78
2021-08-26 04:00:00,74.0,2.0,72.0,13.89,71.92,79.23,75.0,76.78
2021-08-26 04:15:00,74.0,2.0,72.0,8.88,71.92,81.21,75.0,76.78
2021-08-26 04:30:00,74.0,2.0,72.0,21.67,71.92,76.48,75.0,76.78
2021-08-26 04:45:00,74.0,2.0,72.0,17.38,71.92,80.04,75.0,76.78
2021-08-26 05:00:00,74.0,2.0,72.0,7.36,72.07,80.82,75.0,76.78
2021-08-26 05:15:00,74.0,2.0,72.0,11.18,72.03,78.35,75.0,76.78
2021-08-26 05:30:00,74.0,2.0,72.0,18.29,71.92,76.8,75.0,76.78
2021-08-26 05:45:00,74.0,2.0,72.0,28.75,71.89,74.64,75.0,76.78
2021-08-26 06:00:00,74.0,2.0,72.0,7.25,72.03,82.47,75.0,76.78
2021-08-26 06:15:00,74.0,2.0,72.0,12.12,72.03,79.61,75.0,76.78
2021-08-26 06:30:00,74.0,2.0,72.0,24.44,72.03,75.74,75.0,76.78
2021-08-26 06:45:00,74.0,2.0,72.0,19.28,71.96,78.03,75.0,76.78
2021-08-26 07:00:00,74.0,2.0,72.0,8.73,72.18,79.23,75.0,76.78
2021-08-26 07:15:00,74.0,2.0,72.0,8.65,72.07,79.38,75.0,76.78
2021-08-26 07:30:00,74.0,2.0,72.0,30.59,71.78,74.68,75.0,76.78
2021-08-26 07:45:00,74.0,2.0,72.0,18.33,71.78,80.78,75.0,73.83
2021-08-26 08:00:00,74.0,2.0,72.0,19.76,71.56,84.7,75.0,76.61
2021-08-26 08:15:00,74.0,2.0,72.0,16.26,71.82,85.96,75.0,76.61
2021-08-26 08:30:00,74.0,2.0,72.0,20.56,71.82,83.62,75.0,76.61
2021-08-26 08:45:00,74.0,2.0,72.0,25.4,71.74,85.28,75.0,76.55
2021-08-26 09:00:00,74.0,2.0,72.0,17.68,71.85,84.88,75.0,76.55
2021-08-26 09:15:00,74.0,2.0,72.0,18.68,71.78,84.99,75.0,76.55
2021-08-26 09:30:00,74.0,2.0,72.0,18.68,71.74,84.88,75.0,76.55
2021-08-26 09:45:00,74.0,2.0,72.0,17.44,71.85,85.37,75.0,76.55
2021-08-26 10:00:00,74.0,2.0,72.0,27.13,72.28,82.08,75.0,70.95
2021-08-26 10:15:00,74.0,2.0,72.0,16.84,72.5,84.6,75.0,71.04
2021-08-26 10:30:00,74.0,2.0,72.0,14.46,72.43,81.7,75.0,73.74
2021-08-26 10:35:49,0.0,0.0,0.0,0.0,0.0,0.0,0.0,0.0
2021-08-26 10:44:59,74.0,2.0,72.0,13.36,72.5,77.14,75.0,73.74
2021-08-26 11:00:00,74.0,2.0,72.0,13.85,72.39,72.61,75.0,73.74
2021-08-26 11:15:00,74.0,2.0,72.0,13.18,72.1,73.18,75.0,73.74
2021-08-26 11:30:00,74.0,2.0,72.0,10.54,71.96,74.53,75.0,76.8
2021-08-26 11:45:00,74.0,2.0,72.0,15.58,71.96,72.61,75.0,76.8
2021-08-26 12:00:00,74.0,2.0,72.0,23.66,71.92,70.65,75.0,76.8
2021-08-26 12:15:00,74.0,2.0,72.0,7.58,71.82,79.41,75.0,76.8
2021-08-26 12:30:00,74.0,2.0,72.0,27.63,71.92,72.43,75.0,76.8
2021-08-26 12:45:00,74.0,2.0,72.0,16.09,71.49,84.22,75.0,76.8
2021-08-26 13:00:00,74.0,2.0,72.0,13.09,71.24,85.77,75.0,76.8
2021-08-26 13:15:00,74.0,2.0,72.0,13.79,71.42,86.45,75.0,76.8
2021-08-26 13:30:00,74.0,2.0,72.0,22.65,71.31,84.22,75.0,76.8
2021-08-26 13:45:00,74.0,2.0,72.0,20.06,71.2,85.96,75.0,76.8
2021-08-26 14:00:00,74.0,2.0,72.0,15.95,71.13,85.17,77.95,76.8
2021-08-26 14:15:00,74.0,2.0,72.0,18.84,71.13,84.7,77.95,76.8
2021-08-26 14:30:00,74.0,2.0,72.0,21.21,71.13,84.88,77.95,76.8
2021-08-26 14:45:00,74.0,2.0,72.0,26.21,71.1,84.4,77.95,76.8
2021-08-26 15:00:00,74.0,2.0,72.0,16.23,71.2,85.28,77.95,76.8
2021-08-26 15:15:00,74.0,2.0,72.0,16.25,71.31,85.48,77.95,76.8
2021-08-26 15:30:00,74.0,2.0,72.0,17.25,71.2,84.99,77.95,76.8
2021-08-26 15:45:00,74.0,2.0,72.0,15.99,71.24,85.28,77.95,76.8
2021-08-26 16:00:00,74.0,2.0,72.0,17.13,71.78,84.6,77.95,76.8
2021-08-26 16:15:00,74.0,2.0,72.0,19.3,72.0,84.7,77.95,76.8
2021-08-26 16:30:00,74.0,2.0,72.0,20.3,71.92,84.7,77.95,76.8
2021-08-26 16:45:00,74.0,2.0,72.0,22.51,72.18,84.7,77.95,76.8
2021-08-26 17:00:00,74.0,2.0,72.0,23.65,72.18,84.99,77.95,76.8
2021-08-26 17:15:00,74.0,2.0,72.0,25.85,72.18,84.51,77.95,76.8
2021-08-26 17:30:00,74.0,2.0,72.0,19.48,72.21,86.25,77.95,76.8
2021-08-26 17:45:00,74.0,2.0,72.0,22.36,72.25,85.17,77.95,76.8
2021-08-26 18:00:00,74.0,2.0,72.0,19.52,72.36,84.4,77.95,76.8
2021-08-26 18:15:00,74.0,2.0,72.0,26.02,72.28,84.22,77.95,76.8
2021-08-26 18:30:01,74.0,2.0,72.0,20.48,72.28,85.48,77.95,76.8
2021-08-26 18:45:00,74.0,2.0,72.0,21.62,72.43,84.99,77.95,76.8
2021-08-26 19:00:00,74.0,2.0,72.0,26.58,72.39,82.36,77.95,76.8
2021-08-26 19:15:00,74.0,2.0,72.0,17.94,72.54,84.4,77.95,76.8
2021-08-26 19:30:00,74.0,2.0,72.0,26.92,72.54,77.72,77.95,76.8
2021-08-26 19:45:00,74.0,2.0,72.0,14.02,72.54,76.23,75.0,76.8
2021-08-26 20:00:00,74.0,2.0,72.0,27.64,72.28,70.93,75.0,76.8
2021-08-26 20:15:00,74.0,2.0,72.0,24.9,72.18,70.79,75.0,73.73
2021-08-26 20:30:00,74.0,2.0,72.0,8.39,71.96,77.97,75.0,76.76
2021-08-26 20:45:00,74.0,2.0,72.0,12.9,71.96,75.31,75.0,76.76
2021-08-26 21:00:00,74.0,2.0,72.0,21.25,71.85,75.56,75.0,76.76
2021-08-26 21:15:00,74.0,2.0,72.0,20.71,71.96,73.92,75.0,76.76
2021-08-26 21:30:00,74.0,2.0,72.0,6.94,71.89,79.86,75.0,76.76
2021-08-26 21:45:00,74.0,2.0,72.0,8.84,71.92,81.27,75.0,76.76
2021-08-26 22:00:00,74.0,2.0,72.0,13.74,71.85,80.78,75.0,76.76
2021-08-26 22:15:00,74.0,2.0,72.0,10.41,71.92,82.33,75.0,76.76
2021-08-26 22:30:00,74.0,2.0,72.0,17.41,71.89,80.33,75.0,76.76
2021-08-26 22:45:00,74.0,2.0,72.0,20.82,71.92,81.07,75.0,76.76
2021-08-26 23:00:00,74.0,2.0,72.0,17.69,72.0,81.93,75.0,76.76
2021-08-26 23:15:00,74.0,2.0,72.0,29.99,72.03,77.54,75.0,71.33
2021-08-26 23:30:00,74.0,2.0,72.0,13.65,72.0,82.56,75.0,76.34
2021-08-26 23:45:00,74.0,2.0,72.0,18.62,72.03,81.73,75.0,76.34
