DateTime,VAV-4-14A (221) AIR VOLUME 3,VAV-4-14A (217) AIR VOL SP 3,VAV-4-14A (016) CLG STPT EFF,VAV-4-14A (025) H_C STATE,VAV-4-14A (028) HTG STPT EFF,VAV-4-14A (028) HTG V POS 4,VAV-4-14A (113) SPLY TEMP 7
2021-08-20 00:00:00,74.0,2.0,70.0,19.66,72.86,375.0,375.42
2021-08-20 00:15:00,74.0,2.0,70.0,2.33,63.57,375.0,375.45
2021-08-20 00:30:00,74.0,2.0,70.0,25.05,62.85,375.0,375.5
2021-08-20 00:45:00,74.0,2.0,70.0,6.47,72.14,375.0,375.46
2021-08-20 01:00:00,74.0,2.0,70.0,7.49,71.65,375.0,375.52
2021-08-20 01:15:00,74.0,2.0,70.0,5.0,70.65,375.0,372.41
2021-08-20 01:30:00,74.0,2.0,70.0,2.65,72.1,375.0,375.38
2021-08-20 01:45:00,74.0,2.0,70.0,6.46,64.0,375.0,378.29
2021-08-20 01:53:38,1.0,1.0,1.0,1.0,1.0,1.0,1.0
2021-08-20 02:00:01,37.0,1.0,35.0,6.115,35.61,187.5,187.6
2021-08-20 02:15:00,74.0,2.0,70.0,22.14,66.45,375.0,375.36
2021-08-20 02:30:00,74.0,2.0,70.0,10.75,64.0,375.0,372.48
2021-08-20 02:45:00,74.0,2.0,70.0,11.35,72.39,375.0,372.5
2021-08-20 03:00:00,74.0,2.0,70.0,25.44,65.01,375.0,375.62
2021-08-20 03:15:00,74.0,2.0,70.0,25.91,64.54,375.0,372.68
2021-08-20 03:30:00,74.0,1.0,70.0,0.0,63.14,375.0,372.61
2021-08-20 03:45:00,74.0,2.0,70.0,6.35,72.54,375.0,375.58
2021-08-20 04:00:00,74.0,2.0,70.0,15.01,66.9,375.0,372.72
2021-08-20 04:15:00,74.0,1.0,70.0,0.0,63.0,375.0,375.82
2021-08-20 04:30:00,74.0,2.0,70.0,15.99,72.25,375.0,375.88
2021-08-20 04:45:00,74.0,2.0,70.0,20.26,63.86,375.0,375.77
2021-08-20 05:00:00,74.0,2.0,70.0,0.85,64.0,375.0,375.9
2021-08-20 05:15:00,74.0,2.0,70.0,9.38,66.02,375.0,372.98
2021-08-20 05:30:00,74.0,2.0,70.0,0.0,64.83,375.0,372.92
2021-08-20 05:45:00,74.0,2.0,70.0,6.7,69.3,375.0,375.91
2021-08-20 06:00:00,74.0,2.0,70.0,24.92,69.87,375.0,375.96
2021-08-20 06:15:00,74.0,2.0,70.0,0.659,66.45,375.0,372.97
2021-08-20 06:30:00,74.0,2.0,70.0,20.19,69.87,375.0,372.95
2021-08-20 06:45:00,74.0,2.0,70.0,0.0106,65.16,375.0,375.86
2021-08-20 07:00:00,74.0,2.0,70.0,15.58,65.01,375.0,375.87
2021-08-20 07:15:00,74.0,2.0,70.0,0.0509,63.97,375.0,375.85
2021-08-20 07:30:00,74.0,2.0,70.0,0.0,64.29,375.0,375.81
2021-08-20 07:45:00,74.0,1.0,70.0,0.0,64.4,375.0,375.89
2021-08-20 08:00:00,74.0,2.0,70.0,0.0,64.69,375.0,375.89
2021-08-20 08:15:00,74.0,2.0,70.0,0.0,65.26,375.0,378.84
2021-08-20 08:30:00,74.0,2.0,70.0,4.48,65.73,375.0,375.88
2021-08-20 08:45:00,74.0,1.0,70.0,0.0,66.13,375.0,375.95
2021-08-20 09:00:00,74.0,2.0,70.0,0.0,65.84,375.0,378.79
2021-08-20 09:15:00,74.0,2.0,70.0,0.0,66.31,375.0,378.81
2021-08-20 09:30:00,74.0,1.0,70.0,0.0,66.61,375.0,378.81
2021-08-20 09:45:00,74.0,1.0,70.0,0.0,67.77,375.0,378.81
2021-08-20 10:00:00,74.0,1.0,70.0,0.0,68.81,375.0,375.8
2021-08-20 10:15:00,74.0,1.0,70.0,0.0,69.4,375.0,378.77
2021-08-20 10:30:00,74.0,1.0,70.0,0.0,70.16,375.0,378.77
2021-08-20 10:45:00,74.0,1.0,70.0,0.0,70.45,375.0,378.79
2021-08-20 11:00:00,74.0,1.0,70.0,0.0,70.75,375.0,378.79
2021-08-20 11:15:00,74.0,3.0,70.0,0.0,71.04,375.0,378.79
2021-08-20 11:30:00,74.0,1.0,70.0,0.0,71.51,375.0,378.79
2021-08-20 11:45:00,74.0,1.0,70.0,0.0,71.91,375.0,378.79
2021-08-20 12:00:00,74.0,1.0,70.0,0.0,72.1,375.0,378.79
2021-08-20 12:15:00,74.0,3.0,70.0,0.0,72.0,375.0,375.85
2021-08-20 12:30:00,74.0,3.0,70.0,0.0,72.1,375.0,378.77
2021-08-20 12:45:00,74.0,3.0,70.0,0.0,72.28,375.0,378.71
2021-08-20 13:00:00,74.0,3.0,70.0,0.0,72.0,375.0,378.71
2021-08-20 13:15:00,74.0,3.0,70.0,0.0,72.86,375.0,378.72
2021-08-20 13:30:00,74.0,3.0,70.0,0.0,73.15,375.0,378.72
2021-08-20 13:45:00,74.0,3.0,70.0,0.0,73.15,375.0,378.72
2021-08-20 14:00:00,74.0,3.0,70.0,0.0,73.26,375.0,378.72
2021-08-20 14:15:00,74.0,3.0,70.0,0.0,72.97,375.0,378.28
2021-08-20 14:30:00,74.0,3.0,70.0,0.0,72.97,375.0,372.42
2021-08-20 14:45:00,74.0,3.0,70.0,0.0,72.28,375.0,375.81
2021-08-20 15:00:00,74.0,3.0,70.0,0.0,72.0,375.0,375.75
2021-08-20 15:15:00,74.0,3.0,70.0,0.0,72.57,375.0,378.28
2021-08-20 15:30:00,74.0,3.0,70.0,0.0,71.62,375.0,375.42
2021-08-20 15:45:00,74.0,3.0,70.0,0.0,70.93,375.0,375.41
2021-08-20 16:00:00,74.0,3.0,70.0,0.0,71.62,375.0,375.39
2021-08-20 16:15:00,74.0,3.0,70.0,0.0,71.22,375.0,375.38
2021-08-20 16:30:00,74.0,3.0,70.0,0.0,71.22,375.0,378.48
2021-08-20 16:45:00,74.0,1.0,70.0,0.0,71.22,375.0,375.67
2021-08-20 17:00:00,74.0,3.0,70.0,0.0,71.33,375.0,378.57
2021-08-20 17:15:00,74.0,3.0,70.0,0.0,71.04,375.0,375.6
2021-08-20 17:30:00,74.0,3.0,70.0,0.0,70.65,375.0,378.58
2021-08-20 17:45:00,74.0,3.0,70.0,0.0,70.93,375.0,375.65
2021-08-20 18:00:00,74.0,3.0,70.0,0.0,70.75,375.0,375.69
2021-08-20 18:15:00,74.0,3.0,70.0,0.0,70.75,375.0,375.69
2021-08-20 18:30:00,74.0,3.0,70.0,0.0,70.93,375.0,375.69
2021-08-20 18:45:00,74.0,3.0,70.0,0.0,70.45,375.0,375.77
2021-08-20 19:00:00,74.0,3.0,70.0,0.0,69.98,375.0,372.8
2021-08-20 19:15:00,74.0,3.0,70.0,0.0,70.45,375.0,377.4
2021-08-20 19:30:00,74.0,3.0,70.0,0.0,69.87,375.0,377.4
2021-08-20 19:45:00,74.0,3.0,70.0,0.0,69.58,375.0,377.4
2021-08-20 20:00:00,74.0,3.0,70.0,0.0,69.58,375.0,377.41
2021-08-20 20:15:00,74.0,3.0,70.0,0.0,69.69,375.0,376.87
2021-08-20 20:30:00,74.0,3.0,70.0,0.0,69.69,375.0,376.87
2021-08-20 20:45:00,74.0,3.0,70.0,0.0,69.69,375.0,376.87
2021-08-20 21:00:00,74.0,1.0,70.0,0.0,69.69,375.0,376.92
2021-08-20 21:15:00,74.0,3.0,70.0,0.0,69.4,375.0,376.91
2021-08-20 21:30:00,74.0,1.0,70.0,0.0,69.3,375.0,377.04
2021-08-20 21:45:00,74.0,1.0,70.0,0.0,67.37,375.0,380.08
2021-08-20 22:00:00,74.0,1.0,70.0,0.0,67.08,375.0,371.14
2021-08-20 22:15:00,74.0,1.0,70.0,0.0,67.08,375.0,371.19
2021-08-20 22:30:00,74.0,1.0,70.0,0.0,66.02,375.0,373.69
2021-08-20 22:45:00,74.0,1.0,70.0,0.0,65.73,375.0,373.75
2021-08-20 23:00:00,74.0,2.0,70.0,0.0,64.69,375.0,370.82
2021-08-20 23:15:00,74.0,1.0,70.0,0.0,64.0,375.0,370.85
2021-08-20 23:30:00,74.0,1.0,70.0,0.0,64.29,375.0,370.83
2021-08-20 23:45:00,74.0,1.0,70.0,0.0,64.69,375.0,370.74
2021-08-21 00:00:00,74.0,1.0,70.0,0.0,64.58,375.0,370.74
2021-08-21 00:15:00,74.0,1.0,70.0,0.0,63.72,375.0,370.74
2021-08-21 00:30:00,74.0,1.0,70.0,0.0,63.43,375.0,370.77
2021-08-21 00:45:00,74.0,2.0,70.0,0.0,62.67,375.0,370.78
2021-08-21 01:00:00,74.0,2.0,70.0,0.0,63.14,375.0,370.78
2021-08-21 01:15:00,74.0,2.0,70.0,0.0,62.85,375.0,373.93
2021-08-21 01:30:00,74.0,2.0,70.0,0.0,62.38,375.0,373.91
2021-08-21 01:45:00,74.0,1.0,70.0,0.0,63.72,375.0,370.99
2021-08-21 01:57:33,0.0,0.0,0.0,0.0,0.0,0.0,0.0
2021-08-21 01:59:59,74.0,1.0,70.0,0.0,63.72,375.0,374.0
2021-08-21 02:00:01,0.0,0.0,0.0,0.0,0.0,0.0,0.0
2021-08-21 02:15:00,74.0,1.0,70.0,0.0,62.1,375.0,376.85
2021-08-21 02:30:00,74.0,1.0,70.0,0.0,62.1,375.0,373.91
2021-08-21 02:45:00,74.0,2.0,70.0,0.0,62.56,375.0,373.88
2021-08-21 03:00:00,74.0,1.0,70.0,0.0,62.85,375.0,370.92
2021-08-21 03:15:00,74.0,2.0,70.0,3.19,62.85,375.0,376.79
2021-08-21 03:30:00,74.0,2.0,70.0,6.04,62.38,375.0,373.76
2021-08-21 03:45:00,74.0,2.0,70.0,0.734,62.71,375.0,373.75
2021-08-21 04:00:00,74.0,2.0,70.0,2.39,63.82,375.0,373.82
2021-08-21 04:15:00,74.0,1.0,70.0,0.0,62.1,375.0,373.82
2021-08-21 04:30:00,74.0,2.0,70.0,0.0,63.28,375.0,373.85
2021-08-21 04:45:00,74.0,2.0,70.0,5.08,61.95,375.0,370.87
2021-08-21 05:00:00,74.0,2.0,70.0,20.02,61.38,375.0,373.79
2021-08-21 05:15:00,74.0,2.0,70.0,12.82,61.7,375.0,370.8
2021-08-21 05:30:00,74.0,1.0,70.0,0.0,61.12,375.0,370.82
2021-08-21 05:45:00,74.0,2.0,70.0,0.99,62.24,375.0,370.84
2021-08-21 06:00:00,74.0,2.0,70.0,0.0,61.38,375.0,370.53
2021-08-21 06:15:00,74.0,2.0,70.0,0.0,62.24,375.0,378.77
2021-08-21 06:30:00,74.0,2.0,70.0,19.78,62.82,375.0,379.39
2021-08-21 06:45:00,74.0,2.0,70.0,6.12,70.79,375.0,379.57
2021-08-21 07:00:00,74.0,2.0,70.0,0.769,64.15,375.0,373.7
2021-08-21 07:15:00,74.0,1.0,70.0,0.0,63.68,375.0,373.67
2021-08-21 07:30:00,74.0,2.0,70.0,8.43,62.42,375.0,373.79
2021-08-21 07:45:00,74.0,2.0,70.0,0.0,64.11,375.0,370.84
2021-08-21 08:00:00,74.0,1.0,70.0,0.0,64.4,375.0,376.65
2021-08-21 08:15:00,74.0,3.0,70.0,0.0,65.16,375.0,373.66
2021-08-21 08:30:00,74.0,1.0,70.0,0.0,65.44,375.0,373.71
2021-08-21 08:45:00,74.0,1.0,70.0,0.0,65.73,375.0,373.83
2021-08-21 09:00:00,74.0,1.0,70.0,0.0,65.64,375.0,370.79
2021-08-21 09:15:00,74.0,1.0,70.0,0.0,66.61,375.0,373.68
2021-08-21 09:30:00,74.0,1.0,70.0,0.0,67.08,375.0,373.77
2021-08-21 09:45:00,74.0,1.0,70.0,0.0,69.12,375.0,370.81
2021-08-21 10:00:00,74.0,3.0,70.0,0.0,71.91,375.0,373.64
2021-08-21 10:15:00,74.0,3.0,70.0,0.0,73.74,375.0,373.67
2021-08-21 10:30:00,74.0,3.0,70.0,0.0,73.92,375.0,373.68
2021-08-21 10:45:00,74.0,3.0,70.0,0.0,74.03,375.0,376.58
2021-08-21 11:00:00,74.0,3.0,70.0,0.0,74.7,375.0,373.77
2021-08-21 11:15:00,74.0,3.0,70.0,0.0,75.38,375.0,373.65
2021-08-21 11:30:00,74.0,3.0,70.0,0.0,74.8,375.0,376.6
2021-08-21 11:45:00,74.0,3.0,70.0,0.0,73.92,375.0,379.44
2021-08-21 12:00:00,74.0,3.0,70.0,0.0,73.15,375.0,367.24
2021-08-21 12:15:00,74.0,3.0,70.0,0.0,72.39,375.0,366.56
2021-08-21 12:30:00,74.0,3.0,70.0,0.0,72.28,375.0,378.8
2021-08-21 12:45:00,74.0,3.0,70.0,0.0,73.74,375.0,376.05
2021-08-21 13:00:00,74.0,3.0,70.0,0.0,74.7,375.0,378.98
2021-08-21 13:15:00,74.0,3.0,70.0,0.0,69.3,375.0,379.52
2021-08-21 13:30:00,74.0,1.0,70.0,0.0,62.85,375.0,367.43
2021-08-21 13:45:00,74.0,1.0,70.0,0.0,62.56,375.0,379.68
2021-08-21 14:00:00,74.0,1.0,70.0,0.0,62.67,375.0,379.69
2021-08-21 14:15:00,74.0,1.0,70.0,0.0,62.38,375.0,367.62
2021-08-21 14:30:00,74.0,2.0,70.0,0.0,62.56,375.0,379.3
2021-08-21 14:45:00,74.0,1.0,70.0,0.0,63.25,375.0,376.33
2021-08-21 15:00:00,74.0,1.0,70.0,0.0,62.85,375.0,376.43
2021-08-21 15:15:00,74.0,1.0,70.0,0.0,63.14,375.0,378.97
2021-08-21 15:30:00,74.0,1.0,70.0,0.0,63.14,375.0,373.02
2021-08-21 15:45:00,74.0,1.0,70.0,0.0,62.96,375.0,378.96
2021-08-21 16:00:00,74.0,1.0,70.0,0.0,63.25,375.0,379.34
2021-08-21 16:15:00,74.0,1.0,70.0,0.0,62.96,375.0,376.37
2021-08-21 16:30:00,74.0,1.0,70.0,0.0,62.56,375.0,367.35
2021-08-21 16:45:00,74.0,2.0,70.0,0.0,62.96,375.0,379.17
2021-08-21 17:00:00,74.0,1.0,70.0,0.0,63.54,375.0,376.29
2021-08-21 17:15:00,74.0,1.0,70.0,0.0,63.14,375.0,376.13
2021-08-21 17:30:00,74.0,3.0,70.0,0.0,63.14,375.0,376.05
2021-08-21 17:45:00,74.0,1.0,70.0,0.0,62.96,375.0,375.94
2021-08-21 18:00:00,74.0,1.0,70.0,0.0,63.14,375.0,375.75
2021-08-21 18:15:00,74.0,1.0,70.0,0.0,63.25,375.0,378.67
2021-08-21 18:30:00,74.0,1.0,70.0,0.0,62.67,375.0,375.77
2021-08-21 18:45:00,74.0,1.0,70.0,0.0,63.14,375.0,375.7
2021-08-21 19:00:00,74.0,1.0,70.0,0.0,63.43,375.0,375.73
2021-08-21 19:15:00,74.0,1.0,70.0,0.0,63.14,375.0,375.69
2021-08-21 19:30:17,74.0,1.0,70.0,0.0,63.05,375.0,372.74
2021-08-21 19:45:00,74.0,2.0,72.0,17.23,59.25,375.0,368.19
2021-08-21 20:00:00,74.0,2.0,72.0,20.84,62.53,375.0,368.51
2021-08-21 20:15:00,74.0,1.0,72.0,0.0,63.68,375.0,379.95
2021-08-21 20:30:00,74.0,2.0,72.0,0.0,63.86,375.0,364.88
2021-08-21 20:45:00,74.0,2.0,72.0,100.0,64.54,375.0,370.74
2021-08-21 21:00:00,74.0,2.0,72.0,100.0,67.23,375.0,379.56
2021-08-21 21:15:00,74.0,2.0,72.0,100.0,66.65,375.0,379.1
2021-08-21 21:30:00,74.0,2.0,72.0,100.0,66.45,375.0,376.14
2021-08-21 21:45:00,74.0,2.0,72.0,100.0,66.16,375.0,376.21
2021-08-21 22:00:00,74.0,2.0,72.0,100.0,65.98,375.0,376.14
2021-08-21 22:15:00,74.0,2.0,72.0,100.0,65.3,375.0,376.14
2021-08-21 22:30:00,74.0,2.0,72.0,100.0,65.21,375.0,376.14
2021-08-21 22:45:00,74.0,2.0,72.0,100.0,65.5,375.0,376.14
2021-08-21 23:00:00,74.0,2.0,72.0,100.0,65.3,375.0,376.2
2021-08-21 23:15:00,74.0,2.0,72.0,100.0,65.12,375.0,376.2
2021-08-21 23:30:00,74.0,2.0,72.0,100.0,64.83,375.0,376.2
2021-08-21 23:45:00,74.0,2.0,72.0,100.0,65.01,375.0,376.29
2021-08-22 00:00:00,74.0,2.0,72.0,100.0,64.92,375.0,376.32
2021-08-22 00:15:00,74.0,2.0,72.0,100.0,65.01,375.0,376.32
2021-08-22 00:30:00,74.0,2.0,72.0,100.0,65.3,375.0,376.32
2021-08-22 00:45:00,74.0,2.0,72.0,100.0,65.41,375.0,376.31
2021-08-22 01:00:00,74.0,2.0,72.0,100.0,65.88,375.0,376.31
2021-08-22 01:15:00,74.0,2.0,72.0,100.0,65.88,375.0,376.31
2021-08-22 01:30:00,74.0,2.0,72.0,100.0,65.7,375.0,376.31
2021-08-22 01:45:00,74.0,2.0,72.0,100.0,65.98,375.0,376.32
2021-08-22 02:00:00,74.0,2.0,72.0,100.0,65.59,375.0,376.32
2021-08-22 02:15:00,74.0,2.0,72.0,100.0,66.16,375.0,376.32
2021-08-22 02:30:00,74.0,2.0,72.0,100.0,65.98,375.0,373.42
2021-08-22 02:45:00,74.0,2.0,72.0,100.0,65.88,375.0,376.37
2021-08-22 03:00:00,74.0,2.0,72.0,100.0,66.16,375.0,376.39
2021-08-22 03:15:00,74.0,2.0,72.0,100.0,65.88,375.0,376.39
2021-08-22 03:30:00,74.0,2.0,72.0,100.0,65.59,375.0,376.39
2021-08-22 03:45:00,74.0,2.0,72.0,100.0,65.41,375.0,376.37
2021-08-22 04:00:00,74.0,2.0,72.0,100.0,65.3,375.0,376.42
2021-08-22 04:15:00,74.0,2.0,72.0,100.0,65.41,375.0,376.42
2021-08-22 04:30:00,74.0,2.0,72.0,100.0,65.3,375.0,376.42
2021-08-22 04:45:00,74.0,2.0,72.0,100.0,65.01,375.0,376.42
2021-08-22 05:00:00,74.0,2.0,72.0,100.0,65.12,375.0,376.42
2021-08-22 05:15:00,74.0,2.0,72.0,100.0,65.12,375.0,376.42
2021-08-22 05:30:00,74.0,2.0,72.0,100.0,65.01,375.0,376.42
2021-08-22 05:45:00,74.0,2.0,72.0,100.0,64.44,375.0,376.42
2021-08-22 06:00:00,74.0,2.0,72.0,100.0,64.44,375.0,376.42
2021-08-22 06:15:00,74.0,2.0,72.0,100.0,64.54,375.0,376.42
2021-08-22 06:30:00,74.0,2.0,72.0,100.0,64.54,375.0,376.42
2021-08-22 06:45:00,74.0,2.0,72.0,100.0,64.63,375.0,376.48
2021-08-22 07:00:00,74.0,2.0,72.0,100.0,64.44,375.0,376.48
2021-08-22 07:15:00,74.0,2.0,72.0,100.0,64.26,375.0,376.48
2021-08-22 07:30:00,74.0,2.0,72.0,100.0,64.44,375.0,376.48
2021-08-22 07:45:00,74.0,2.0,72.0,100.0,64.54,375.0,376.43
2021-08-22 08:00:00,74.0,2.0,72.0,100.0,65.01,375.0,376.43
2021-08-22 08:15:00,74.0,2.0,72.0,100.0,65.7,375.0,376.43
2021-08-22 08:30:00,74.0,2.0,72.0,100.0,66.27,375.0,376.45
2021-08-22 08:45:00,74.0,2.0,72.0,100.0,66.76,375.0,376.45
2021-08-22 09:00:00,74.0,2.0,72.0,100.0,67.05,375.0,376.45
2021-08-22 09:15:00,74.0,2.0,72.0,100.0,67.33,375.0,376.45
2021-08-22 09:30:00,74.0,2.0,72.0,100.0,68.2,375.0,376.45
2021-08-22 09:45:00,74.0,2.0,72.0,100.0,68.77,375.0,376.45
2021-08-22 10:00:00,74.0,2.0,72.0,100.0,76.5,375.0,376.45
2021-08-22 10:15:00,74.0,2.0,72.0,100.0,77.56,375.0,376.45
2021-08-22 10:18:06,2.0,2.0,2.0,2.0,2.0,2.0,2.0
2021-08-22 10:30:01,74.0,2.0,72.0,100.0,81.32,375.0,376.45
2021-08-22 10:45:00,74.0,1.0,72.0,0.0,73.0,375.0,376.45
2021-08-22 11:00:00,74.0,2.0,72.0,3.76,73.2,375.0,376.4
2021-08-22 11:15:00,74.0,1.0,72.0,0.0,73.31,375.0,376.32
2021-08-22 11:30:00,74.0,2.0,72.0,0.0,73.6,375.0,376.44
2021-08-22 11:45:00,74.0,2.0,72.0,0.0,74.17,375.0,376.38
2021-08-22 12:00:01,74.0,1.0,72.0,0.0,74.66,375.0,379.32
2021-08-22 12:15:00,74.0,1.0,72.0,0.0,74.95,375.0,379.43
2021-08-22 12:30:00,74.0,3.0,72.0,0.0,75.43,375.0,376.53
2021-08-22 12:45:00,74.0,3.0,72.0,0.0,75.72,375.0,376.55
2021-08-22 13:00:00,74.0,3.0,72.0,0.0,76.01,375.0,376.59
2021-08-22 13:15:00,74.0,3.0,72.0,0.0,76.19,375.0,379.5
2021-08-22 13:30:00,74.0,3.0,72.0,0.0,76.3,375.0,376.53
2021-08-22 13:45:00,74.0,3.0,72.0,0.0,75.61,375.0,375.67
2021-08-22 14:00:00,74.0,3.0,72.0,0.0,76.5,375.0,375.56
2021-08-22 14:06:13,1.0,1.0,1.0,1.0,1.0,1.0,1.0
2021-08-22 14:15:01,74.0,1.0,72.0,0.0,62.82,375.0,375.44
2021-08-22 14:30:00,74.0,2.0,72.0,0.856,69.58,375.0,378.36
2021-08-22 14:45:00,74.0,2.0,72.0,0.377,79.57,375.0,149.2
2021-08-22 15:00:00,74.0,2.0,72.0,24.99,64.69,375.0,378.7
2021-08-22 15:15:00,74.0,3.0,72.0,0.0,63.43,375.0,378.68
2021-08-22 15:30:00,74.0,1.0,72.0,0.0,63.14,375.0,378.45
2021-08-22 15:45:00,74.0,2.0,72.0,6.28,65.26,375.0,378.28
2021-08-22 16:00:00,74.0,3.0,72.0,0.0,63.57,375.0,377.38
2021-08-22 16:15:00,74.0,1.0,72.0,0.0,63.28,375.0,377.22
2021-08-22 16:30:00,74.0,2.0,72.0,21.45,65.16,375.0,371.32
2021-08-22 16:45:00,74.0,2.0,72.0,0.0,63.28,375.0,371.31
2021-08-22 17:00:00,74.0,1.0,72.0,0.163,63.39,375.0,371.31
2021-08-22 17:15:00,74.0,1.0,72.0,0.0,63.28,375.0,371.34
2021-08-22 17:30:00,74.0,2.0,72.0,0.509,63.39,375.0,371.34
2021-08-22 17:45:00,74.0,2.0,72.0,14.12,63.28,375.0,371.43
2021-08-22 18:00:00,74.0,2.0,72.0,0.0795,63.57,375.0,371.43
2021-08-22 18:15:00,74.0,2.0,72.0,8.96,63.28,375.0,374.41
2021-08-22 18:30:00,74.0,1.0,72.0,0.0,63.57,375.0,374.47
2021-08-22 18:45:00,74.0,2.0,72.0,0.0,67.19,375.0,371.56
2021-08-22 19:00:00,74.0,2.0,72.0,7.85,71.65,375.0,371.57
2021-08-22 19:15:00,74.0,2.0,72.0,13.72,73.0,375.0,371.57
2021-08-22 19:30:00,74.0,2.0,72.0,18.21,72.82,375.0,371.57
2021-08-22 19:45:00,74.0,3.0,72.0,0.0,63.43,375.0,371.52
2021-08-22 20:00:00,74.0,3.0,72.0,0.0,62.96,375.0,365.74
2021-08-22 20:15:00,74.0,1.0,72.0,0.0,63.25,375.0,374.85
2021-08-22 20:30:00,74.0,1.0,72.0,0.359,63.14,375.0,374.82
2021-08-22 20:45:00,74.0,2.0,72.0,31.97,64.0,375.0,374.82
2021-08-22 21:00:00,74.0,2.0,72.0,0.329,63.86,375.0,371.88
2021-08-22 21:15:00,74.0,2.0,72.0,0.945,65.16,375.0,374.84
2021-08-22 21:30:00,74.0,2.0,72.0,13.68,63.14,375.0,374.79
2021-08-22 21:45:00,74.0,2.0,72.0,0.0,65.12,375.0,374.79
2021-08-22 22:00:00,74.0,2.0,72.0,15.41,64.58,375.0,374.79
2021-08-22 22:15:00,74.0,2.0,72.0,16.25,65.59,375.0,374.78
2021-08-22 22:30:00,74.0,2.0,72.0,8.0,66.31,375.0,374.78
2021-08-22 22:45:00,74.0,2.0,72.0,8.95,71.62,375.0,374.78
2021-08-22 23:00:00,74.0,2.0,72.0,21.21,62.13,375.0,374.79
2021-08-22 23:15:00,74.0,2.0,72.0,11.57,66.9,375.0,389.23
2021-08-22 23:30:00,74.0,2.0,72.0,12.78,68.23,375.0,377.12
2021-08-22 23:45:00,74.0,2.0,72.0,3.8,71.04,375.0,374.22
2021-08-23 00:00:00,74.0,2.0,72.0,15.89,67.91,375.0,377.06
2021-08-23 00:15:00,74.0,2.0,72.0,0.883,66.65,375.0,380.02
2021-08-23 00:30:00,74.0,2.0,72.0,0.0,66.79,375.0,374.1
2021-08-23 00:45:00,74.0,3.0,72.0,0.0,67.19,375.0,371.26
2021-08-23 01:00:00,74.0,2.0,72.0,0.0,67.19,375.0,377.16
2021-08-23 01:15:00,74.0,2.0,72.0,0.306,67.48,375.0,380.06
2021-08-23 01:30:00,74.0,2.0,72.0,23.02,67.66,375.0,371.19
2021-08-23 01:45:00,74.0,2.0,72.0,0.0,67.95,375.0,371.19
2021-08-23 02:00:00,74.0,1.0,72.0,0.0,68.05,375.0,380.15
2021-08-23 02:00:01,-1.0,-1.0,-1.0,-1.0,-1.0,-1.0,-1.0
2021-08-23 02:14:59,74.0,2.0,72.0,1.07,71.94,375.0,371.19
2021-08-23 02:30:00,74.0,3.0,72.0,0.0,67.8,375.0,371.41
2021-08-23 02:45:00,74.0,1.0,72.0,0.0,68.38,375.0,371.35
2021-08-23 03:00:00,74.0,2.0,72.0,0.0,68.2,375.0,371.24
2021-08-23 03:15:00,74.0,2.0,72.0,0.0,68.77,375.0,371.69
2021-08-23 03:30:00,74.0,2.0,72.0,0.114,69.44,375.0,371.64
2021-08-23 03:45:00,74.0,2.0,72.0,0.0,68.49,375.0,371.58
2021-08-23 04:00:00,74.0,2.0,72.0,0.401,69.12,375.0,371.58
2021-08-23 04:15:00,74.0,3.0,72.0,0.0,68.23,375.0,377.79
2021-08-23 04:30:00,74.0,2.0,72.0,0.0,68.05,375.0,377.75
2021-08-23 04:45:00,74.0,2.0,72.0,0.0,67.48,375.0,371.61
2021-08-23 05:00:00,74.0,2.0,72.0,0.946,67.23,375.0,377.33
2021-08-23 05:15:00,74.0,2.0,72.0,14.27,66.94,375.0,377.56
2021-08-23 05:30:00,74.0,2.0,72.0,21.64,72.82,375.0,371.55
2021-08-23 05:45:00,74.0,2.0,72.0,0.0,68.97,375.0,371.66
2021-08-23 06:00:00,74.0,2.0,72.0,16.59,67.8,375.0,374.81
2021-08-23 06:15:00,74.0,2.0,72.0,25.88,68.49,375.0,371.91
2021-08-23 06:30:00,74.0,2.0,72.0,8.37,73.78,375.0,371.89
2021-08-23 06:45:00,74.0,2.0,72.0,0.00664,68.86,375.0,374.73
2021-08-23 07:00:00,74.0,1.0,72.0,0.0,66.56,375.0,371.88
2021-08-23 07:15:00,74.0,2.0,72.0,0.0,67.05,375.0,374.8
2021-08-23 07:30:00,74.0,1.0,72.0,0.0,67.33,375.0,374.72
2021-08-23 07:45:00,74.0,2.0,72.0,0.0,68.2,375.0,374.59
2021-08-23 08:00:00,74.0,2.0,72.0,0.0,68.77,375.0,374.64
2021-08-23 08:15:00,74.0,1.0,72.0,0.0,70.41,375.0,374.39
2021-08-23 08:30:00,74.0,3.0,72.0,0.0,71.76,375.0,371.36
2021-08-23 08:45:00,74.0,3.0,72.0,0.0,73.0,375.0,374.13
2021-08-23 09:00:00,74.0,3.0,72.0,0.0,72.72,375.0,374.17
2021-08-23 09:15:00,74.0,3.0,72.0,0.0,73.31,375.0,365.12
2021-08-23 09:30:00,74.0,3.0,72.0,0.0,73.31,375.0,376.45
2021-08-23 09:45:00,74.0,3.0,72.0,0.0,75.61,375.0,376.23
2021-08-23 10:00:00,74.0,3.0,72.0,0.0,67.05,375.0,379.12
2021-08-23 10:15:00,74.0,3.0,72.0,0.0,64.15,375.0,370.11
2021-08-23 10:23:27,-1.0,-1.0,-1.0,-1.0,-1.0,-1.0,-1.0
2021-08-23 10:24:07,0.5,0.5,0.3333333333333333,0.3333333333333333,0.3333333333333333,0.3333333333333333,0.3333333333333333
2021-08-23 10:24:12,0.25,0.25,0.25,0.25,0.25,0.25,0.25
2021-08-23 10:24:13,1.0,1.0,1.0,1.0,1.0,1.0,1.0
2021-08-23 10:29:59,74.0,1.0,72.0,0.0,62.53,375.0,367.42
2021-08-23 10:45:00,74.0,2.0,72.0,0.0,65.88,375.0,370.21
2021-08-23 11:00:00,74.0,2.0,72.0,0.0,70.75,375.0,375.43
2021-08-23 11:15:02,74.0,2.0,72.0,0.0,62.24,375.0,381.22
2021-08-23 11:30:00,74.0,1.0,72.0,0.0,63.14,375.0,372.73
2021-08-23 11:45:00,74.0,1.0,72.0,0.0,62.85,375.0,375.73
2021-08-23 12:00:00,74.0,2.0,72.0,20.0,65.73,375.0,375.71
2021-08-23 12:15:00,74.0,2.0,72.0,0.0,63.39,375.0,372.8
2021-08-23 12:30:00,74.0,1.0,72.0,0.0,63.68,375.0,375.76
2021-08-23 12:45:00,74.0,3.0,72.0,0.0,63.28,375.0,375.92
2021-08-23 13:00:00,74.0,2.0,72.0,0.967,65.84,375.0,375.92
2021-08-23 13:15:00,74.0,3.0,72.0,0.0,63.25,375.0,375.83
2021-08-23 13:30:00,74.0,1.0,72.0,0.0,63.14,375.0,375.78
2021-08-23 13:45:00,74.0,2.0,72.0,0.0,63.57,375.0,375.78
2021-08-23 14:00:00,74.0,2.0,72.0,0.0,63.1,375.0,372.79
2021-08-23 14:15:00,74.0,2.0,72.0,27.0,63.54,375.0,375.81
2021-08-23 14:30:00,74.0,2.0,72.0,0.278,63.68,375.0,372.96
2021-08-23 14:45:00,74.0,3.0,72.0,0.0,63.28,375.0,372.69
2021-08-23 15:00:00,74.0,1.0,72.0,0.0,63.28,375.0,375.67
2021-08-23 15:15:00,74.0,2.0,72.0,24.59,65.41,375.0,372.77
2021-08-23 15:30:00,74.0,2.0,72.0,0.0,69.15,375.0,372.83
2021-08-23 15:45:00,74.0,2.0,72.0,21.76,68.38,375.0,375.74
2021-08-23 16:00:00,74.0,2.0,72.0,0.0,67.37,375.0,372.86
2021-08-23 16:15:00,74.0,1.0,72.0,0.0,63.82,375.0,375.86
2021-08-23 16:30:00,74.0,1.0,72.0,0.15,63.43,375.0,372.98
2021-08-23 16:45:00,74.0,2.0,72.0,0.0,63.25,375.0,375.97
2021-08-23 17:00:00,74.0,2.0,72.0,0.0844,63.25,375.0,372.94
2021-08-23 17:15:00,74.0,2.0,72.0,6.7,71.37,375.0,375.99
2021-08-23 17:30:00,74.0,2.0,72.0,13.1,68.81,375.0,373.02
2021-08-23 17:45:00,74.0,3.0,72.0,0.0,63.43,375.0,375.88
2021-08-23 18:00:00,74.0,3.0,72.0,0.0,63.25,375.0,376.05
2021-08-23 18:15:00,74.0,1.0,72.0,0.0,63.25,375.0,376.18
2021-08-23 18:30:00,74.0,2.0,72.0,0.0,63.14,375.0,376.11
2021-08-23 18:45:00,74.0,2.0,72.0,13.04,71.65,375.0,373.12
2021-08-23 19:00:00,74.0,1.0,72.0,0.0,63.68,375.0,373.07
2021-08-23 19:15:00,74.0,2.0,72.0,5.16,63.28,375.0,372.99
2021-08-23 19:30:00,74.0,2.0,72.0,0.0,63.43,375.0,372.98
2021-08-23 19:45:00,74.0,3.0,72.0,0.0,63.25,375.0,372.91
2021-08-23 20:00:00,74.0,1.0,72.0,0.0,63.25,375.0,372.96
2021-08-23 20:15:00,74.0,2.0,72.0,6.03,63.25,375.0,376.16
2021-08-23 20:30:00,74.0,2.0,72.0,1.4,65.12,375.0,379.12
2021-08-23 20:45:00,74.0,2.0,72.0,16.42,69.4,375.0,379.08
2021-08-23 21:00:00,74.0,2.0,72.0,31.7,65.12,375.0,379.12
2021-08-23 21:15:00,74.0,2.0,72.0,21.33,64.87,375.0,376.19
2021-08-23 21:30:00,74.0,2.0,72.0,0.0,67.37,375.0,379.13
2021-08-23 21:45:00,74.0,2.0,72.0,0.862,64.87,375.0,376.16
2021-08-23 22:00:00,74.0,2.0,72.0,0.0,65.12,375.0,379.1
2021-08-23 22:15:00,74.0,1.0,72.0,0.0,63.68,375.0,376.1
2021-08-23 22:30:00,74.0,2.0,72.0,8.73,63.0,375.0,379.12
2021-08-23 22:45:00,74.0,2.0,72.0,19.48,62.42,375.0,379.22
2021-08-23 23:00:00,74.0,2.0,72.0,0.0,63.14,375.0,376.35
2021-08-23 23:15:00,74.0,2.0,72.0,9.8,64.26,375.0,379.36
2021-08-23 23:30:00,74.0,2.0,72.0,16.93,63.25,375.0,379.36
2021-08-23 23:45:00,74.0,2.0,72.0,0.0,62.71,375.0,376.37
2021-08-24 00:00:00,74.0,2.0,72.0,11.26,71.94,375.0,376.31
2021-08-24 00:15:00,74.0,1.0,72.0,0.0,67.33,375.0,375.94
2021-08-24 00:30:00,74.0,2.0,72.0,24.6,63.43,375.0,375.93
2021-08-24 00:45:00,74.0,2.0,72.0,0.0,62.1,375.0,372.65
2021-08-24 01:00:00,74.0,2.0,72.0,16.8,72.68,375.0,375.55
2021-08-24 01:15:00,74.0,2.0,72.0,26.9,67.48,375.0,375.44
2021-08-24 01:30:00,74.0,2.0,72.0,0.0,67.8,375.0,372.86
2021-08-24 01:45:00,74.0,2.0,72.0,0.0,68.09,375.0,378.64
2021-08-24 02:00:00,74.0,2.0,72.0,0.0,68.0,375.0,370.2
2021-08-24 02:00:01,-1.0,-1.0,-1.0,-1.0,-1.0,-1.0,-1.0
2021-08-24 02:14:58,74.0,2.0,72.0,0.0,67.23,375.0,378.78
2021-08-24 02:15:00,74.0,2.0,72.0,0.0,67.23,375.0,378.78
2021-08-24 02:30:00,74.0,1.0,72.0,0.0,67.05,375.0,378.14
2021-08-24 02:45:00,74.0,2.0,72.0,0.0,66.76,375.0,378.02
2021-08-24 03:00:00,74.0,1.0,72.0,0.0,67.19,375.0,381.05
2021-08-24 03:15:00,74.0,2.0,72.0,0.0,67.8,375.0,369.19
2021-08-24 03:30:00,74.0,2.0,72.0,20.52,68.34,375.0,378.65
2021-08-24 03:45:00,74.0,1.0,72.0,0.0,67.37,375.0,369.95
2021-08-24 04:00:00,74.0,2.0,72.0,10.55,67.66,375.0,372.46
2021-08-24 04:15:00,74.0,2.0,72.0,13.39,74.95,375.0,372.7
2021-08-24 04:30:00,74.0,2.0,72.0,0.57,67.51,375.0,372.91
2021-08-24 04:45:00,74.0,2.0,72.0,8.15,74.37,375.0,372.68
2021-08-24 05:00:00,74.0,2.0,72.0,0.0,68.38,375.0,372.62
2021-08-24 05:15:00,74.0,2.0,72.0,0.0,70.61,375.0,375.59
2021-08-24 05:30:00,74.0,1.0,72.0,0.0,70.79,375.0,372.67
2021-08-24 05:45:00,74.0,3.0,72.0,0.0,69.15,375.0,372.68
2021-08-24 06:00:00,74.0,1.0,72.0,0.0,68.2,375.0,375.78
2021-08-24 06:15:00,74.0,1.0,72.0,0.0,69.26,375.0,372.95
2021-08-24 06:30:00,74.0,1.0,72.0,0.0,70.12,375.0,372.94
2021-08-24 06:45:00,74.0,1.0,72.0,0.0,70.41,375.0,372.78
2021-08-24 07:00:00,74.0,3.0,72.0,0.0,70.9,375.0,372.91
2021-08-24 07:15:00,74.0,1.0,72.0,0.0,70.41,375.0,372.91
2021-08-24 07:30:00,74.0,3.0,72.0,0.0,72.05,375.0,372.86
2021-08-24 07:45:00,74.0,3.0,72.0,0.0,72.54,375.0,375.82
2021-08-24 08:00:00,74.0,3.0,72.0,0.0,73.11,375.0,375.71
2021-08-24 08:15:00,74.0,3.0,72.0,0.0,73.89,375.0,375.65
2021-08-24 08:30:00,74.0,3.0,72.0,0.0,74.37,375.0,375.65
2021-08-24 08:45:00,74.0,3.0,72.0,0.0,73.6,375.0,375.66
2021-08-24 09:00:00,74.0,3.0,72.0,0.0,74.07,375.0,375.35
2021-08-24 09:15:00,74.0,3.0,72.0,0.0,74.95,375.0,374.1
2021-08-24 09:30:00,74.0,3.0,72.0,0.0,75.72,375.0,373.74
2021-08-24 09:45:00,74.0,3.0,72.0,0.0,76.19,375.0,380.06
2021-08-24 10:00:00,74.0,3.0,72.0,0.0,75.72,375.0,373.75
2021-08-24 10:15:00,74.0,3.0,72.0,0.0,63.68,375.0,385.86
2021-08-24 10:28:02,0.0,0.0,0.0,0.0,0.0,0.0,0.0
2021-08-24 10:28:07,1.0,1.0,1.0,1.0,1.0,1.0,1.0
2021-08-24 10:28:12,0.25,0.25,0.25,0.25,0.25,0.25,0.25
2021-08-24 10:29:58,74.0,3.0,72.0,0.0,63.1,375.0,373.84
2021-08-24 10:30:00,74.0,3.0,72.0,0.0,63.1,375.0,373.84
2021-08-24 10:45:00,74.0,3.0,72.0,0.0,63.28,375.0,379.89
2021-08-24 11:00:00,74.0,3.0,72.0,0.0,63.1,375.0,371.39
2021-08-24 11:15:00,74.0,1.0,72.0,0.0,63.1,375.0,371.04
2021-08-24 11:30:00,74.0,2.0,72.0,12.68,63.1,375.0,380.05
2021-08-24 11:45:00,74.0,1.0,72.0,0.0,63.57,375.0,367.88
2021-08-24 12:00:00,74.0,2.0,72.0,0.0,63.28,375.0,368.11
2021-08-24 12:15:00,74.0,2.0,72.0,4.03,63.1,375.0,371.34
2021-08-24 12:30:00,74.0,3.0,72.0,0.0,63.28,375.0,372.03
2021-08-24 12:45:00,74.0,2.0,72.0,0.0,63.1,375.0,372.03
2021-08-24 13:00:00,74.0,1.0,72.0,0.0,63.28,375.0,372.03
2021-08-24 13:15:00,74.0,2.0,72.0,0.0,67.8,375.0,372.14
2021-08-24 13:30:00,74.0,1.0,72.0,0.0,63.39,375.0,371.95
2021-08-24 13:45:00,74.0,2.0,72.0,5.48,65.98,375.0,371.16
2021-08-24 14:00:00,74.0,1.0,72.0,0.0,63.28,375.0,371.42
2021-08-24 14:15:00,74.0,2.0,72.0,6.26,63.28,375.0,380.62
2021-08-24 14:30:00,74.0,3.0,72.0,0.0,63.19,375.0,371.7
2021-08-24 14:45:00,74.0,3.0,72.0,0.0,63.28,375.0,371.77
2021-08-24 15:00:00,74.0,3.0,72.0,0.0,63.1,375.0,371.68
2021-08-24 15:15:00,74.0,2.0,72.0,6.53,63.28,375.0,374.63
2021-08-24 15:30:00,74.0,1.0,72.0,0.0,63.1,375.0,371.72
2021-08-24 15:45:00,74.0,2.0,72.0,16.64,70.41,375.0,371.78
2021-08-24 16:00:00,74.0,1.0,72.0,0.0,63.39,375.0,371.7
2021-08-24 16:15:00,74.0,2.0,72.0,0.0,67.8,375.0,374.6
2021-08-24 16:30:00,74.0,2.0,72.0,4.86,68.38,375.0,374.6
2021-08-24 16:45:00,74.0,1.0,72.0,0.0,63.39,375.0,371.78
2021-08-24 17:00:00,74.0,2.0,72.0,0.891,63.28,375.0,374.67
2021-08-24 17:15:00,74.0,3.0,72.0,0.124,63.28,375.0,371.74
2021-08-24 17:30:00,74.0,2.0,72.0,2.47,63.28,375.0,374.68
2021-08-24 17:45:00,74.0,3.0,72.0,0.912,63.19,375.0,374.68
2021-08-24 18:00:00,74.0,2.0,72.0,0.0,63.19,375.0,374.66
2021-08-24 18:15:00,74.0,2.0,72.0,0.0,63.28,375.0,374.57
2021-08-24 18:30:00,74.0,2.0,72.0,24.66,64.26,375.0,371.59
2021-08-24 18:45:00,74.0,2.0,72.0,25.03,64.69,375.0,374.53
2021-08-24 19:00:00,74.0,3.0,72.0,0.0,63.43,375.0,371.65
2021-08-24 19:15:00,74.0,2.0,72.0,18.96,63.25,375.0,374.61
2021-08-24 19:30:00,74.0,1.0,72.0,0.0,63.72,375.0,371.68
2021-08-24 19:45:00,74.0,2.0,72.0,0.0,63.25,375.0,371.67
2021-08-24 20:00:00,74.0,1.0,72.0,0.0,63.25,375.0,383.41
2021-08-24 20:15:00,74.0,3.0,72.0,0.0,63.14,375.0,371.2
2021-08-24 20:30:00,74.0,3.0,72.0,0.0,63.25,375.0,371.21
2021-08-24 20:45:00,74.0,3.0,72.0,0.0,63.25,375.0,371.24
2021-08-24 21:00:00,74.0,3.0,72.0,0.0,63.25,375.0,374.11
2021-08-24 21:15:00,74.0,2.0,72.0,7.51,63.72,375.0,371.2
2021-08-24 21:30:00,74.0,2.0,72.0,0.644,63.72,375.0,371.32
2021-08-24 21:45:00,74.0,2.0,72.0,5.12,64.11,375.0,371.43
2021-08-24 22:00:00,74.0,1.0,72.0,0.0,64.29,375.0,371.3
2021-08-24 22:15:00,74.0,2.0,72.0,21.86,64.58,375.0,371.37
2021-08-24 22:30:00,74.0,1.0,72.0,0.335,64.98,375.0,371.37
2021-08-24 22:45:00,74.0,1.0,72.0,0.0,65.16,375.0,371.39
2021-08-24 23:00:00,74.0,2.0,72.0,0.0,64.98,375.0,359.57
2021-08-24 23:15:00,74.0,1.0,72.0,0.0,66.31,375.0,372.23
2021-08-24 23:30:00,74.0,2.0,72.0,13.0,62.56,375.0,372.73
2021-08-24 23:45:00,74.0,2.0,72.0,21.91,63.82,375.0,372.8
2021-08-25 00:00:00,74.0,2.0,72.0,17.26,63.72,375.0,372.29
2021-08-25 00:15:00,74.0,2.0,72.0,0.0,66.27,375.0,373.0
2021-08-25 00:30:00,74.0,2.0,72.0,0.0,66.45,375.0,373.02
2021-08-25 00:45:00,74.0,2.0,72.0,2.14,66.76,375.0,379.41
2021-08-25 01:00:00,74.0,2.0,72.0,0.0,66.76,375.0,371.34
2021-08-25 01:15:00,74.0,2.0,72.0,7.3,67.23,375.0,371.27
2021-08-25 01:30:00,74.0,2.0,72.0,0.51,67.33,375.0,371.46
2021-08-25 01:45:00,74.0,2.0,72.0,0.0,67.91,375.0,374.4
2021-08-25 02:00:00,74.0,3.0,72.0,0.0,67.8,375.0,374.28
2021-08-25 02:00:01,-1.0,-1.0,-1.0,-1.0,-1.0,-1.0,-1.0
2021-08-25 02:14:59,74.0,1.0,72.0,0.0,68.49,375.0,371.21
2021-08-25 02:30:00,74.0,1.0,72.0,0.0,68.38,375.0,374.05
2021-08-25 02:45:00,74.0,1.0,72.0,0.0,67.91,375.0,374.05
2021-08-25 03:00:00,74.0,2.0,72.0,0.0,67.33,375.0,371.02
2021-08-25 03:15:00,74.0,2.0,72.0,0.0,67.23,375.0,374.02
2021-08-25 03:30:00,74.0,2.0,72.0,0.0,67.05,375.0,373.99
2021-08-25 03:45:00,74.0,2.0,72.0,0.0,67.33,375.0,373.95
2021-08-25 04:00:00,74.0,3.0,72.0,0.0,67.33,375.0,373.69
2021-08-25 04:15:00,74.0,1.0,72.0,0.0,66.94,375.0,370.74
2021-08-25 04:30:00,74.0,2.0,72.0,0.0,67.51,375.0,373.64
2021-08-25 04:45:00,74.0,2.0,72.0,0.0,66.76,375.0,373.66
2021-08-25 05:00:00,74.0,1.0,72.0,0.0,66.85,375.0,373.74
2021-08-25 05:15:00,74.0,1.0,72.0,0.0,66.65,375.0,370.73
2021-08-25 05:30:00,74.0,1.0,72.0,0.0,66.94,375.0,373.56
2021-08-25 05:45:00,74.0,2.0,72.0,0.0,66.45,375.0,373.64
2021-08-25 06:00:00,74.0,2.0,72.0,0.0,65.98,375.0,373.65
2021-08-25 06:15:00,74.0,3.0,72.0,0.0,66.56,375.0,373.72
2021-08-25 06:30:00,74.0,2.0,72.0,0.0,66.56,375.0,370.8
2021-08-25 06:45:00,74.0,1.0,72.0,0.0,67.51,375.0,373.81
2021-08-25 07:00:00,74.0,2.0,72.0,2.37,66.45,375.0,370.87
2021-08-25 07:15:00,74.0,2.0,72.0,0.0,66.94,375.0,370.89
2021-08-25 07:30:00,74.0,3.0,72.0,0.0,67.8,375.0,370.97
2021-08-25 07:45:00,74.0,2.0,72.0,0.0,67.51,375.0,373.89
2021-08-25 08:00:00,74.0,3.0,72.0,0.0,68.49,375.0,371.07
2021-08-25 08:15:00,74.0,3.0,72.0,0.0,69.55,375.0,380.08
2021-08-25 08:30:00,74.0,3.0,72.0,0.0,70.9,375.0,371.34
2021-08-25 08:45:00,74.0,3.0,72.0,0.0,72.05,375.0,371.57
2021-08-25 09:00:00,74.0,3.0,72.0,0.0,73.49,375.0,371.57
2021-08-25 09:15:00,74.0,3.0,72.0,0.0,74.84,375.0,371.57
2021-08-25 09:30:00,74.0,3.0,72.0,0.0,75.43,375.0,371.58
2021-08-25 09:45:00,74.0,3.0,72.0,0.0,76.01,375.0,383.72
2021-08-25 10:00:00,74.0,3.0,72.0,0.0,77.74,375.0,372.12
2021-08-25 10:15:00,74.0,3.0,72.0,0.0,60.66,375.0,371.96
2021-08-25 10:30:00,74.0,3.0,72.0,0.0,62.96,375.0,372.03
2021-08-25 10:31:54,0.0,0.0,0.0,0.0,0.0,0.0,0.0
2021-08-25 10:45:00,74.0,1.0,72.0,0.0,62.67,375.0,372.25
2021-08-25 10:59:59,74.0,2.0,72.0,17.57,62.76,375.0,372.79
2021-08-25 11:15:00,74.0,,,,,375.0,378.99
2021-08-25 11:15:01,,2.0,72.0,0.0,62.67,,
2021-08-25 11:30:01,74.0,2.0,72.0,14.06,66.9,375.0,379.19
2021-08-25 11:45:01,74.0,2.0,72.0,0.0,62.96,375.0,379.26
2021-08-25 12:00:01,74.0,1.0,72.0,0.0,62.67,375.0,378.86
2021-08-25 12:15:01,74.0,2.0,72.0,24.55,62.71,375.0,375.68
2021-08-25 12:30:01,74.0,2.0,72.0,21.87,67.28,375.0,375.66
2021-08-25 12:45:01,74.0,3.0,72.0,0.0,62.56,375.0,375.73
2021-08-25 13:00:01,74.0,3.0,72.0,0.0,62.28,375.0,378.64
2021-08-25 13:15:00,74.0,2.0,72.0,3.53,65.7,375.0,375.68
2021-08-25 13:30:00,74.0,3.0,72.0,0.0,62.53,375.0,372.47
2021-08-25 13:45:00,74.0,2.0,72.0,0.0,68.52,375.0,375.4
2021-08-25 13:59:59,74.0,2.0,72.0,27.53,63.57,375.0,375.31
2021-08-25 14:15:01,74.0,3.0,72.0,0.0,62.24,375.0,375.4
2021-08-25 14:30:01,74.0,3.0,72.0,0.0,61.84,375.0,375.44
2021-08-25 14:45:01,74.0,2.0,72.0,16.87,61.84,375.0,375.38
2021-08-25 15:00:01,74.0,1.0,72.0,0.0,61.99,375.0,375.39
2021-08-25 15:15:00,74.0,2.0,72.0,26.85,61.81,375.0,378.47
2021-08-25 15:30:00,74.0,2.0,72.0,23.15,61.84,375.0,375.57
2021-08-25 15:45:00,74.0,3.0,72.0,0.0,62.28,375.0,375.58
2021-08-25 16:00:00,74.0,1.0,72.0,0.0,61.81,375.0,375.63
2021-08-25 16:15:00,74.0,1.0,72.0,0.0,61.23,375.0,378.48
2021-08-25 16:29:59,74.0,2.0,72.0,0.0,62.67,375.0,375.59
2021-08-25 16:45:01,74.0,2.0,72.0,1.36,62.24,375.0,375.78
2021-08-25 17:00:01,74.0,3.0,72.0,0.907,61.66,375.0,375.8
2021-08-25 17:15:01,74.0,1.0,72.0,0.0,61.38,375.0,375.72
2021-08-25 17:30:01,74.0,2.0,72.0,0.0,61.38,375.0,378.7
2021-08-25 17:45:01,74.0,3.0,72.0,0.0,61.38,375.0,378.73
2021-08-25 18:00:01,74.0,3.0,72.0,0.0,61.27,375.0,375.79
2021-08-25 18:15:01,74.0,1.0,72.0,0.0,60.8,375.0,375.79
2021-08-25 18:30:01,74.0,1.0,72.0,0.0,60.89,375.0,378.86
2021-08-25 18:45:01,74.0,2.0,72.0,0.0,60.89,375.0,375.93
2021-08-25 19:00:00,74.0,2.0,72.0,0.0,65.01,375.0,375.9
2021-08-25 19:15:01,74.0,2.0,72.0,0.0,68.86,375.0,375.89
2021-08-25 19:30:01,74.0,2.0,72.0,0.0,61.12,375.0,375.99
2021-08-25 19:45:01,74.0,2.0,72.0,12.14,64.87,375.0,375.99
2021-08-25 20:00:01,74.0,2.0,72.0,0.0,60.98,375.0,385.13
2021-08-25 20:15:01,74.0,2.0,72.0,25.02,61.81,375.0,372.99
2021-08-25 20:30:01,74.0,2.0,72.0,10.41,65.12,375.0,376.18
2021-08-25 20:45:01,74.0,2.0,72.0,11.86,60.55,375.0,376.27
2021-08-25 21:00:01,74.0,2.0,72.0,17.29,69.87,375.0,376.25
2021-08-25 21:15:01,74.0,2.0,72.0,8.47,60.66,375.0,376.14
2021-08-25 21:30:01,74.0,2.0,72.0,7.63,65.44,375.0,376.08
2021-08-25 21:45:01,74.0,1.0,72.0,0.0,60.55,375.0,379.03
2021-08-25 22:00:01,74.0,2.0,72.0,0.0,63.0,375.0,375.65
2021-08-25 22:15:01,74.0,2.0,72.0,12.46,59.94,375.0,378.6
2021-08-25 22:30:01,74.0,2.0,72.0,4.75,68.86,375.0,375.67
2021-08-25 22:45:01,74.0,2.0,72.0,29.38,62.1,375.0,375.59
2021-08-25 23:00:00,,,,15.63,70.79,,
2021-08-25 23:00:01,74.0,2.0,72.0,,,375.0,372.62
2021-08-25 23:14:59,,,,28.25,62.56,,
2021-08-25 23:15:01,74.0,2.0,72.0,,,375.0,372.59
2021-08-25 23:30:00,74.0,1.0,72.0,0.0,60.51,375.0,375.51
2021-08-25 23:45:01,74.0,2.0,72.0,18.59,65.21,375.0,375.51
2021-08-26 00:00:01,74.0,2.0,72.0,25.05,60.69,375.0,378.4
2021-08-26 00:15:01,74.0,2.0,72.0,0.0,63.1,375.0,375.46
2021-08-26 00:30:01,74.0,2.0,72.0,10.28,70.61,375.0,378.37
2021-08-26 00:45:00,,,,,,375.0,
2021-08-26 00:45:01,74.0,2.0,72.0,5.65,65.16,,378.47
2021-08-26 01:00:01,74.0,2.0,72.0,18.39,66.61,375.0,378.59
2021-08-26 01:15:00,,,,,,375.0,
2021-08-26 01:15:01,74.0,2.0,72.0,0.0,59.94,,375.66
2021-08-26 01:29:59,,,,,,375.0,
2021-08-26 01:30:01,74.0,2.0,72.0,26.69,63.0,,378.62
2021-08-26 01:45:01,74.0,2.0,72.0,15.46,70.61,375.0,375.75
2021-08-26 02:00:01,36.5,0.5,35.5,11.05,30.835,187.0,187.385
2021-08-26 02:14:59,74.0,2.0,72.0,16.81,66.61,,375.7
2021-08-26 02:15:00,,,,,,375.0,
2021-08-26 02:30:00,74.0,2.0,72.0,24.64,63.1,375.0,375.7
2021-08-26 02:45:00,74.0,2.0,72.0,22.45,60.84,375.0,375.7
2021-08-26 03:00:00,74.0,2.0,72.0,24.55,66.45,375.0,378.6
2021-08-26 03:15:00,74.0,2.0,72.0,19.65,64.0,375.0,375.67
2021-08-26 03:30:00,74.0,2.0,72.0,25.52,62.71,375.0,375.67
2021-08-26 03:45:00,74.0,2.0,72.0,13.01,69.01,375.0,375.67
2021-08-26 04:00:00,74.0,2.0,72.0,19.12,70.27,375.0,375.67
2021-08-26 04:15:00,74.0,2.0,72.0,14.86,66.76,375.0,375.67
2021-08-26 04:30:00,74.0,2.0,72.0,8.44,58.96,375.0,375.67
2021-08-26 04:45:00,74.0,2.0,72.0,23.04,64.54,375.0,375.69
2021-08-26 05:00:00,74.0,2.0,72.0,18.18,65.44,375.0,375.69
2021-08-26 05:15:00,74.0,2.0,72.0,20.92,69.69,375.0,375.69
2021-08-26 05:30:00,74.0,2.0,72.0,15.73,59.94,375.0,375.72
2021-08-26 05:45:00,74.0,2.0,72.0,12.78,68.86,375.0,375.72
2021-08-26 06:00:00,74.0,2.0,72.0,6.92,66.61,375.0,372.84
2021-08-26 06:15:00,74.0,2.0,72.0,0.0,61.12,375.0,375.72
2021-08-26 06:30:00,74.0,1.0,72.0,0.0,59.11,375.0,372.72
2021-08-26 06:45:00,74.0,2.0,72.0,20.46,58.93,375.0,375.53
2021-08-26 07:00:00,74.0,1.0,72.0,0.0,59.25,375.0,375.57
2021-08-26 07:15:00,74.0,2.0,72.0,14.57,56.28,375.0,375.57
2021-08-26 07:30:00,74.0,2.0,72.0,0.0,67.08,375.0,375.57
2021-08-26 07:45:00,74.0,2.0,72.0,28.2,65.88,375.0,375.57
2021-08-26 08:00:00,74.0,2.0,72.0,19.85,60.69,375.0,375.52
2021-08-26 08:15:00,74.0,2.0,72.0,31.76,62.13,375.0,375.52
2021-08-26 08:30:00,74.0,3.0,72.0,0.79,60.51,375.0,375.45
2021-08-26 08:45:00,74.0,2.0,72.0,1.3,66.56,375.0,378.39
2021-08-26 09:00:00,74.0,2.0,72.0,15.71,63.1,375.0,378.51
2021-08-26 09:15:00,74.0,2.0,72.0,0.0,62.13,375.0,378.51
2021-08-26 09:30:00,74.0,2.0,72.0,8.35,65.3,375.0,378.51
2021-08-26 09:45:00,74.0,2.0,72.0,0.0,68.05,375.0,378.51
2021-08-26 10:00:00,74.0,2.0,72.0,12.63,70.93,375.0,372.78
2021-08-26 10:15:00,74.0,2.0,72.0,20.91,72.54,375.0,372.71
2021-08-26 10:30:00,74.0,2.0,72.0,6.87,63.57,375.0,372.31
2021-08-26 10:35:49,0.0,0.0,0.0,0.0,0.0,0.0,0.0
2021-08-26 10:44:59,74.0,2.0,72.0,13.85,63.14,375.0,375.21
2021-08-26 11:00:00,74.0,2.0,72.0,25.45,63.0,375.0,372.33
2021-08-26 11:15:00,74.0,2.0,72.0,0.0,63.43,375.0,372.19
2021-08-26 11:30:00,74.0,1.0,72.0,0.0,63.25,375.0,380.81
2021-08-26 11:45:00,74.0,2.0,72.0,0.25,63.43,375.0,377.97
2021-08-26 12:00:00,74.0,2.0,72.0,23.86,67.51,375.0,371.94
2021-08-26 12:15:00,74.0,1.0,72.0,0.0,63.39,375.0,377.82
2021-08-26 12:30:00,74.0,2.0,72.0,22.92,63.82,375.0,371.91
2021-08-26 12:45:00,74.0,2.0,72.0,23.59,64.87,375.0,372.17
2021-08-26 13:00:00,74.0,1.0,72.0,0.205,63.72,375.0,372.24
2021-08-26 13:15:00,74.0,1.0,72.0,0.0,63.43,375.0,372.19
2021-08-26 13:30:00,74.0,2.0,72.0,0.0,64.29,375.0,375.11
2021-08-26 13:45:00,74.0,2.0,72.0,0.0,63.43,375.0,378.08
2021-08-26 14:00:00,74.0,2.0,72.0,17.8,63.43,375.0,372.17
2021-08-26 14:15:00,74.0,2.0,72.0,11.02,69.73,375.0,372.17
2021-08-26 14:30:00,74.0,2.0,72.0,4.93,72.1,375.0,375.16
2021-08-26 14:45:00,74.0,1.0,72.0,0.0,63.43,375.0,372.23
2021-08-26 15:00:00,74.0,2.0,72.0,0.0,63.25,375.0,372.33
2021-08-26 15:15:00,74.0,3.0,72.0,0.0,63.25,375.0,375.29
2021-08-26 15:30:00,74.0,3.0,72.0,0.0,63.14,375.0,372.36
2021-08-26 15:45:00,74.0,1.0,72.0,0.0,63.14,375.0,372.44
2021-08-26 16:00:00,74.0,1.0,72.0,0.0,63.25,375.0,372.41
2021-08-26 16:15:00,74.0,2.0,72.0,0.0,63.25,375.0,375.21
2021-08-26 16:30:00,74.0,1.0,72.0,0.0,63.68,375.0,372.22
2021-08-26 16:45:00,74.0,1.0,72.0,0.0,63.28,375.0,372.18
2021-08-26 17:00:00,74.0,1.0,72.0,0.0,63.28,375.0,372.07
2021-08-26 17:15:00,74.0,3.0,72.0,0.0,63.28,375.0,375.14
2021-08-26 17:30:00,74.0,3.0,72.0,0.0,63.19,375.0,375.01
2021-08-26 17:45:00,74.0,1.0,72.0,0.0,63.28,375.0,372.07
2021-08-26 18:00:00,74.0,2.0,72.0,0.0,63.1,375.0,372.11
2021-08-26 18:15:00,74.0,2.0,72.0,17.32,71.33,375.0,374.9
2021-08-26 18:30:01,74.0,2.0,72.0,0.0,71.94,375.0,374.96
2021-08-26 18:45:00,74.0,2.0,72.0,16.16,69.84,375.0,371.92
2021-08-26 19:00:00,74.0,3.0,72.0,0.0,63.39,375.0,372.12
2021-08-26 19:15:00,74.0,2.0,72.0,1.63,63.39,375.0,375.12
2021-08-26 19:30:00,74.0,3.0,72.0,0.547,63.54,375.0,372.5
2021-08-26 19:45:00,74.0,2.0,72.0,3.79,63.25,375.0,372.54
2021-08-26 20:00:00,74.0,3.0,72.0,0.73,63.43,375.0,372.44
2021-08-26 20:15:00,74.0,1.0,72.0,0.0,63.14,375.0,371.83
2021-08-26 20:30:00,74.0,2.0,72.0,0.0,63.14,375.0,371.84
2021-08-26 20:45:00,74.0,2.0,72.0,0.0,63.25,375.0,372.06
2021-08-26 21:00:00,74.0,1.0,72.0,0.0,63.25,375.0,377.97
2021-08-26 21:15:00,74.0,2.0,72.0,8.07,63.72,375.0,375.04
2021-08-26 21:30:00,74.0,3.0,72.0,0.0,64.29,375.0,378.19
2021-08-26 21:45:00,74.0,1.0,72.0,0.0,63.82,375.0,372.51
2021-08-26 22:00:00,74.0,2.0,72.0,0.0,64.11,375.0,372.51
2021-08-26 22:15:00,74.0,2.0,72.0,0.0,62.28,375.0,375.43
2021-08-26 22:30:00,74.0,2.0,72.0,0.0,61.41,375.0,375.33
2021-08-26 22:45:00,74.0,1.0,72.0,0.0,61.23,375.0,375.41
2021-08-26 23:00:00,74.0,2.0,72.0,13.98,64.58,375.0,371.39
2021-08-26 23:15:00,74.0,1.0,72.0,0.0,61.7,375.0,371.84
2021-08-26 23:30:00,74.0,2.0,72.0,22.76,61.27,375.0,371.84
2021-08-26 23:45:00,74.0,2.0,72.0,19.02,64.29,375.0,374.74
